/*
SQLyog Ultimate v11.11 (64 bit)
MySQL - 8.0.16 : Database - renacer
*********************************************************************
*/

/*!40101 SET NAMES utf8 */;

/*!40101 SET SQL_MODE=''*/;

/*!40014 SET @OLD_UNIQUE_CHECKS=@@UNIQUE_CHECKS, UNIQUE_CHECKS=0 */;
/*!40014 SET @OLD_FOREIGN_KEY_CHECKS=@@FOREIGN_KEY_CHECKS, FOREIGN_KEY_CHECKS=0 */;
/*!40101 SET @OLD_SQL_MODE=@@SQL_MODE, SQL_MODE='NO_AUTO_VALUE_ON_ZERO' */;
/*!40111 SET @OLD_SQL_NOTES=@@SQL_NOTES, SQL_NOTES=0 */;
USE `renacer`;

/*Table structure for table `__migrationhistory` */

DROP TABLE IF EXISTS `__migrationhistory`;

CREATE TABLE `__migrationhistory` (
  `MigrationId` varchar(150) CHARACTER SET utf8 COLLATE utf8_general_ci NOT NULL,
  `ContextKey` varchar(300) CHARACTER SET utf8 COLLATE utf8_general_ci NOT NULL,
  `Model` longblob NOT NULL,
  `ProductVersion` varchar(32) CHARACTER SET utf8 COLLATE utf8_general_ci NOT NULL,
  PRIMARY KEY (`MigrationId`,`ContextKey`)
) ENGINE=InnoDB DEFAULT CHARSET=utf8mb4 COLLATE=utf8mb4_0900_ai_ci;

/*Data for the table `__migrationhistory` */

insert  into `__migrationhistory`(`MigrationId`,`ContextKey`,`Model`,`ProductVersion`) values ('201910060709224_incial','Renacer.Nucleo.Migrations.Configuration','\0\0\0\0\0\0=r8PQ=*{z!̈́[g3xS@$$sE֒,e#JUH$D\"3{ƫ4ˣ4X??{^$H(yX?__/mze_?fg(</΂t!aٳ7ϟo(fV~^I@wŞiHJn*dK	M}tzGaqC$IZY<=sn;gߖ\r[P>/ҭ#5tQwэQpuE<6Y^\\YYU&Y	%$!߬Jt|اr^$t_d$f~G?闏4Hqcee}hV|@1Dzm]3M=7Iݷ[9in4	HA(hMH+r*+}ݤA:4y${`$}O`4/8~JӘ=\r>kpW@0{K>G\\ICqh\\?EZ:p|+U~i,,MP#9Z1,lZ\naWs7\\iS	ı*aWW:RM+$ \'ۻ)5yMOk\'c葆QrMIE\Z\'kD;ePJwW$C.t!P lCO?\0H.t|QAzwE4mYӂhj\ZHlvB3+lF+u5ۑeБ]d i#rn5;h_Op_H9L=>Ft=M<ˌgU4\0AV<U#yA\nj@%Pj\rWY}N\n9Qd\'ZKt2\"8HLV$(gi\"oıZ@ץ\"S,/|;X`\"RBAX֧<BOK;\ZG>M(>&-\'zw~jY0[~2!W6\nx#˓R&Þ0}]umB;`3ǑT+ZZZM!iD#YͰv{ECaJ)[ޱ&{Ѵ\09`\nNk)]yno4sl瘜>NOڀ}}>G:Ee$𽌯NVoٙjp:->=Qa_E%ʱG*v=鏶5pX+!xMuuMsaW\0AickhEmbuRN-_baZ]	<6O}n[7q{b|^jQh.~^GIyxnT\ZM#z_9GWXI4cB{ GkZS]U\\rm5أ.CwiF2﫯cݖk*\r[FqK\"PelzO3сȲ|-þCg7!IFI4+\ZD~}jbXnRѤXsM#jM9h_s˻_)멊L:Jج\n\nd=	A-\0Ek	PkJ_h8\'}=y@߲VXD=rC*\\5H<?UIPj	7BrK$WоP\Z,Ը;or|$az;[N!ӏ}&\Zd+Ľ\Zj`l%W}UW* ^~u7jo~K˿wMqE7\'>d|cC59DIE̕˽D5a0`PpN\"m3l2zWzP	Ɖ5}6ެ\\=yx3vm?n`/\nh%ekQC`7PM<N<D@:\ZR`M!Ak廒>ռ%3z6k07Ŋ\'芐RK!hf!ako8\'|F>!¡zDq~cibğh_`S=Ec(S]mg!J\ZVһ~Zⴇt=lN;KL>O?hKbN/\"gƁrma@lCl\0vs\'&,\\|IYmsvn^|V|/???g?XR0YQHkY{\'!ag\nשP=a\"6\0>I_u׾!|?\\Re^BIo@n_%\"c15chǘʐ;Bѹ!V\'4+7D_2h%A#\r_D׉\\rEw4)7m3zȣ&&&Bo8>yƁ&q]{B4Vs6chѣ[VQ\'^G\"\"v}wEVkMx7G|`f#e0RG5tS>$F`Ӯ&9~r@YTOAPgT?sgX1q+2p #;יPUT ?lPm\rD紎TpT%w+]W$bh7/-9y$62imeUfvr磃`8YϜdb0us\rFVh&&4L&BRywYOx[Z8Q,WYCY8ˆ,Z#.4%K3b<`8R>\n.pfXN8q`qAB8DyPgi	O@;`f\0O\0X	1yb.j׵@EG͠cqHnJbĆ9$ 0$֮,Ku|N&\reR\r`1	 JgI.ҫ\Z&ʵ:	Ze+j1|,b,mbBBʈ&Y/(/6a\r n뺰\Zڃl$n33nDF\'ᵅeyy)H3P8	G-r\0\'gD&Mƙ,%UAcAj39o(amMx%՘=[s1AL\\Fdf`3#pHuɰ&E6>-pבmP:%lӡٳ.-\\W\Zf%\r-%x@+FE(P1LI<YefK,;\Z\0dNIloV+.UY\n.>qڤS&@$GYzC6gx2\0,\nkpD\nJkSQ3W&:\Z`e \n1a[T0J>J\nB\\xr&J.0TE\" ^,a,gkX \"ysY4x\r%ETbnVԞD6ӂTTYTmK\nCi8옿N\0;!\nK(6-fN#PW4WhRt$Ճ\0E .	,DFQW-QXdjtQ԰XX>2jAYSɠn	\0bG!HLTSB̃\0ATqϑ1!#Tc׊M	slbR	`#>A$\n͢P3\ZmVH7[3;;mT7xFsOcM39KŉBcm\n\0XJ\n&;>pحZVo\n!EǤ\'2ʁ&\n$JSH0\nMP)7HdEj$\0zt\"HSΒ5\r9\0QEƌFXCqEqBhI:\0MQ/N=WxOjJ0$ A\"1o@FAC\0B%#b*3>#\0=qC=a\n\Zzc?{CcIy[%_\\@\r͞%˰*A,1)\Zb!]D.ɇL/,N8FOTa:_Tn:)΂jDNAz0\\ES<\07Q\0t.k]&DpaU+$vleeu#AfzI~TM^϶Qyz_vͷϞy|al>%;u=iFTʺf\"#=V&:!m_:w+FۤYw[k/Q(=_Z\rrsk̚Ϸx&2Եn$:8+Kũ\'Ecn fzzw)*	2mVn:Y3\"oӰzfEx&%,pT(,1-ZW4)VAZywGh;z\n%EJ=A$tP.\\=d+\ro5I44|ERi0G8-#IFL\0Q,>]zby,js:eXxCt8dTИާ ig_%y~t+ǂ?JʦJs0(O3co-mzX.Ȉ?;F5Q!o;#Y&eE=c*f\'{(8-]e:\"\rߧLiEt0.\Zs}# 5Iv慦Ŕ a*NJ0%)҈/賂_pR0x}ViQo!+OGt3,$5֒a!\'};1(;\'cSa,eg|zY_\07(8#4CkC{HYCڦd6\\(l}L4EO~AԾezОF+P@;E,4_m)rY	ɗwRl: n\0q}>~,е`;miXoLq<n򍬏`*;͞N1~At|.\0\r0kOIrT3~w2n\'eMS([Wd	YD*`6\n!Ow\"yh1FхZ5ĂY4maȚ^gҥHq/tGo0\'vE(G1|0( Lu~+Ώ-<dëΉ$*]k!b&Rڃ̧o>\reBBv>Uy*Θ2Jc^a:ZzVVgiج#mi|~ͷ.Y+A-q3\nnP(|k_ai?~|j? ,$$cfޣSrX[@e{A5N%1T}Wb.eB7\n;4^Z%q&sh2_A˄\\4/9>=DLa衏vZW,䆘xy\'t\0@ؿ.s@EIhh\n<k=VjqvW95&VFV,c]l	;k8(FN3NiFo8fJsj9QÊ-Ϙs<PU:M6>ԣ=D&ۨ򳮲^*痛+qM螝?\nW/u2&oϿ+pH-yR˵p&TaAto\0?/F%Ywʦ4|OfXoʇUre6͉CySMǋUm^v4f.csblVwM=Qҙ!4B5>ܥ)2N)--$\rZ]vEhhNuq<W<\":~b]##,.ϹW|,ǚB\07hpmPRF/ 2\rkDX\"Kj\rY.L]exĽ{@$31 pKS1H}U+^)@*bF&w𔁭>WQKCRW9ڦ\ZI[TG+ڬQVHXF[s,}bQUtRhpRuR,\\\'=p>+mKEwQ]%:.-nZ)7O$ }470WŒFݤwt|jA裿(;{J>&ms8>Ϧǭ~-pdh䚞wלZ{UTdʷ2ANƑuƑsXt]CL{0zl0[Osiaeṫ<Z\\k1Gԧ+1\')\\MG%@5q^\'\\ͭ6O*>v6겙LW\'{h+h&l.J[NؐG;u&Qm4$\\PfȣECwMU:娌AYYOy)f.vGPjfI߻dn$G|s	H^ƣПp*Ós݌0W.̍ҪN蹮ԍqEhӑ꜎ުA÷yD!\0NkfbGײ\\[ͮEޭ$V}]ND	DsO4hÙ0#ͧI8jNh׶;uǥHSQJՇH	)q_qbr~l%(\n(4+U,_I^d$R3Ϣ$v$V մTKv0+I)C댣k\\bvxG:|+Y%W\\]ˠ]wI/WyXRD*\\\'yi*($749vN!<{sL#Ģ#	#,;C__#R44b1CB+vyQͣn,[9OeV8R9@5G-KUP/>\r`oB[pg=N;]&~#s6>;L?ت?wS=/13NZsyُ.i#h&+t\"CC#8ibIG \"!<,qK\r1h0Hڊ%OlypYX/\0xRp|,x=kt/4s2^>[t<麷o1 нo8hoGS)t)\0$q 	ߏ|Ѽ6hw26\09oںI+i#bϙVŠ4[nlK^P}59?&%l\nPqI.c}tϏN:`:)=˗$هy?.`x%xfIN0쿰x蟻\rAS\"<4,ˋA&tiYt,\n\rg8 1ib),<K%ԏKxY\'#Tix5DvdgPIhW!՞t @a3s 	1amvEK!sl0Xr30r$|AG~ׄ\'D[,!aIM`%Ap>;Y秡Lbi e~U%%³f\"\r(ˋ+R;&\r-szKsoOtK.aE,/WEG(]IPoZ3ҡY\'C݉5U1J\'WvbAoP@1:/}:\'}8XJQҨtAU6Yu\0sp\r X%HΡTW	U[Uh\ZW\rJwD	rJ W	pǮ!Bh<jW3. ljB,ܖ\ZsGo=úDYT,zkzh	`o\\\rxEP\\!(rC?mZ+],V۽nR\'jTbSxDז]p\Z+@N.ՔɊGE}ai4쎍kNqXNCVص#n;ؼ*M\\%(n+\0@|ᡷtü8Y!hb)`vIfm[Ion<I=l$a,HKA#.*5	j;(>\rvKLM=D-鍴Fч^xkj&´t&y6c%M7t<6S \0E҃$<\\?w\0/G?㰁=P>.,\Z>]qM\rqyQH>Űc-ff7A@M#WMu_r0p!Nh[&yp\n!҄,T\r<\nxox0(}<[;)SFam<CŃjs<߾\0Tc qq\"l[Fベ\nr}cr00JmF\0RV[c-Kj\0:/r57oF .ެ>!7j`Fo@V{9dtM<pXȸi©8Ft]𡷯u]o>;?4q^}=|\'[+G=s3pyܧ뫄Q[Ez-$y=	\nV<g^B}xw4|}Lw]+cͨ|>]>k1yٸˢ|KmXj]̀aw~	f8Dd?CFyo~26ϝ\0','6.1.3-40302'),('201910240358280_agregadoEstadoInscripcion','Renacer.Nucleo.Migrations.Configuration','\0\0\0\0\0\0=r8PQ=*{z!̈́[g3xS@$$sE֒,e#JUH$D\"3{ƫ4ˣ4X??{^$H(yX?__/mze_?fg(</΂t!aٳ7ϟo(fV~^I@wŞiHJn*dK	M}tzGaqC$IZY<=sn;gߖ\r[P>/ҭ#5tQwэQpuE<6Y^\\YYU&Y	%$!߬Jt|اr^$t_d$f~G?闏4Hqcee}hV|@1Dzm]3M=7Iݷ[9in4	HA(hMH+r*+}ݤA:4y${`$}O`4/8~JӘ=\r>kpW@0{K>G\\ICqh\\?EZ:p|+U~i,,MP#9Z1,lZ\naWs7\\iS	ı*aWW:RM+$ \'ۻ)5yMOk\'c葆QrMIE\Z\'kD;ePJwW$C.t!P lCO?\0H.t|QAzwE4mYӂhj\ZHlvB3+lF+u5ۑeБ]d i#rn5;h_Op_H9L=>Ft=M<ˌgU4\0AV<U#yA\nj@%Pj\rWY}N\n9Qd\'ZKt2\"8HLV$(gi\"oıZ@ץ\"S,/|;X`\"RBAX֧<BOK;\ZG>M(>&-\'zw~jY0[~2!W6\nx#˓R&Þ0}]umB;`3ǑT+ZZZM!iD#YͰv{ECaJ)[ޱ&{Ѵ\09`\nNk)]yno4sl瘜>NOڀ}}>G:Ee$𽌯NVoٙjp:->=Qa_E%ʱG*v=鏶5pX+!xMuuMsaW\0AickhEmbuRN-_baZ]	<6O}n[7q{b|^jQh.~^GIyxnT\ZM#z_9GWXI4cB{ GkZS]U\\rm5أ.CwiF2﫯cݖk*\r[FqK\"PelzO3сȲ|-þCg7!IFI4+\ZD~}jbXnRѤXsM#jM9h_s˻_)멊L:Jج\n\nd=	A-\0Ek	[9M쥳.(1\ZuIm}O,j\\JWEOCU (Z	 )V6</%v$K?0m[\">SH,#$$q\Z&bIU_Jca}1$Aꛟo[${J\\za6퉏#+<WId&^W\rA~WR\"sr/{M=}<ص>-_[L4AwLW͡;6<BqbbM_䤍7+dO@l`ۏ$6jZI㥌P%`##M>0TS$о2>Tq$j\ZǉEz5olCZ@\":)\"R=zc\'\ZYH\0N	_QgH3:pe\ZdG7?\')&CO3X<AT`dRUִ8a\"g۷S7ӏ&ڒ:yīq\\sX[o9y_7_n{oVۜ[w>O?iaG\'nh֞hIH<{B=u*~qOs:5B_i\r3τE|o=_*|j8PBIWI.<sX$1`z2$=·Ӄf1\rėLa,\Z%yGIHlFCjj3u\"\\MML`9htIPmlObq hdaWiP՜)Zh㖕o~bבȬH\"]9xZlޅ\r0߱kHI0U=zd?h$Ot4baĴ븧\"D\\2aSf#OTn%f>}DJl(T45Hc.4:9T[9#\"yLn3iMKNʹcZj,sYr h19z4dbgggkAC:p4M$T@,}>NUiE5Y׈MI؀,=B>-v*N#XG\\:6PDz?u=\0Ah$&Q{9TYZDkB,0%?/VjL^c\0u-fQ3lRŨa2GN%	̼#	!˒z\"ԠxBG8wCIFm=xXwB\0HkY,ɆRC@X<Zb1u0+/cyк2\"3hE<ʋ21\r,gX.j;Ll&ۡ ki~npIxmad^{\nL+NQ\0#;ѰEӣq6=`If7BИqg[uJt[dS\'^I5fV\\LP?1Hx;8Rw:C2I8mOud[ N	omn~thK4ծxIC`KE|3jQ4\n#-\"p#G@lu=YK9@@1pۛxUeBi6T? 7d(ТMn^u\0ˁZ\"誂hTUXEȣ{LXV BRR`:\0@%ҺU`x:?cp4:KYZ:ȇHi޿n\0\\\r \"GCqIQ 8\'ʹ`/UiG*U.=P 7;毓DEHAM\Zt9 ]/	s`,&+,@aAѥ;!HleoQD>UK$.\ZA5,V\09v:b3:{B֔y2h[w&\0Q3R\'\0 )c @dj)xsdhLH0gصbSb\\+.m?q؈GfB:>p(zFFCۂUt(M(B/<N-8b Eh0$}p7\r8m#fXSLjRhq\"pAĀk9@-֣BC)EGvk=7CH1)Aɣrz콉=	R*BTʍ!$YE\Z;*Hc .ÔdiF\rDCN!@}1Q*P߰C~v\ZER{SqŋSU ޓ႒w$$I6Ex|m\"éQb`EТA\0bd},Ǿut;61ʌ;h@/@a\\PnX9ieX0/:-OwP|RV<yC(|3mI2JK/haLf?hntʅXfg$CvDr!|S%UC{t >\Z&>ѸSzbrƀ^@;@oMFc8ZWv	>-i>oX=+-&o|YHPYq_?fWmdigA0Ebg?n?lk@Ov]OE*,/HAHxeUzEۗ⃧]6)n֝KJOldVܜ\Z$IL6}3u.@Ľ\'DqI&b!>-ȃkC2ypJ\n|#qp/NjL[4޾ChCIA	K.xŸ/.\nKLêC\n#V^Z<x	ebkOɤ;/&WJB$M) %%B\"\r\"CrTڤ8-NeEHb(pfEXba.%V;Gb@l*;w4#Y_!4i\"A:Hd\ZWI$gʱ 8OX[8ypۇ;.K:2mNtQAbsN#H|~sQʪY.%</NKWYNH)S$q}vQwh>\\HFMҷ?y).C`1%HC4LI4!26^/šUZ[?m#uJQ.-mM\0D`XoI~h,p>IDXhCXKY_nVEoDǾ\r:J<К2R#y2\'\n[\'!i\'\r)B߮pb`4/o`C-\'2Ph)yGr6ͧ&zFisfV}bB.A?Ć|,@s\"mh5i\"t-Nz\ZӭnCȎzw{0sѝfOe?? S-gj7dqIMrN&rؼێbk)KU	p<	ъ={$5!-(``kVƀX04BY_CLTZi>9e=PTE9zA aSXт\\p9,^|ufu\':X;#6\'Hwg>}i8/Һf=MMT)tQ\n]n\ncm,>HfiOXXh-wU[	jEcXtB#]$N^\'?MY>Sa!!і,x0{\r  &倡ߒ*؛oq*üBs.o١b+Q΀O<h$3c^yJ!or8C}\n}\"7eγ<Ԥ\' \0TDvhMs,a&bgz%XZCabenBVCK&jcb9t&aT&c8)gBآnhA1Sa%W\\$/.Wi\'TH`ZѣLGZ!orʉC*(~,?\Z$c_?z2H^mR_ʑ2G*\r{J1g\\[\rw`FIFhDFnxcmTZlIA(hƈ|^,W&nc\0ߜH>$!}XWoMoV26/VV=k`}))+\ZBs/TZS]ZA(ITkX!\"rM ʫ\0?njW&-.TwCyUȃ)p 52{zuGy)p0>ڌf׆E!5xai(H9i-pI%ҸԨܰ傐U6pGܻD2,\0\ro4W\"%H\"ktn~pz\'	OHi|Uae\rD;.m1N(zMUII`TJ=ҧ\'5I\'+5=\r\'U.P\'HzysGᓃbжWxUX?$OgLsh~U,io:MzG\'d>sw?o9;Cuz7قjqJFLyMq|jΉqn^^WEUO֯|+D-MnPH	[g9E75Ĥ^G#EpY9y.6\\.N?@|hBͣe]sD=]qf3dhYzu\nqwL5ai=^,s$(;KẃnUg4}S}4C8@m-XlH\nˣ:樂ɏi`2b.nEq(rɢb\\bKN\rsTF l5<ZX;JJ_P5#(5?\rp_h*ɣ]mVʃPzQ{E$NiOU8EoC+{]GOiU\'\\MHO[\"4lHufHoUڠAQuq<v<Qm\0\'G3#]f\"}j.ꀹ֧+4LGܑS$Cn\n5i[}\'nk)(DR_%CZvޔθv1Y|X?WуR\nU*/$/2gQD;+jZ*%a;rѤ!uQ.1Bn=[Ng5>ϕ\\+v.ePg$y@WF,J\"RLQ<G)j4KqOy\Z{d;sxViq\"K}҄Oov	Bg\Z	e!-(Q7O\'{x`FόCOP%*(͗I\0pz-8Y.QYhu\nr\\&ӟkl+pTX\'~YTwe{`ѴXPm4Rv!4L1#ux|^VmŒ\'q6ռv,{,\0C<)N8>gggHkFewY-R\'ftFaF}q~^IZkx@ݷ#\0AɃ\\^[:\08TG>hvEy\09Ŝ7m4{Lb~\Z-7x&y(syxpq~Kw^k~>T\ny@Y0|KK|P<<$X?\\t_X<f߆V֠c\ny\Z ܈zH4,:Y3OĘ4vp%M%Nڬ4<OĚHW|EXAwE2D3$jrAo906\"%Gكb]cG,ugiR>Ă#k[-z`r$&OrQ,P&4hos2TYQBtu)UC9tzե9N7\'%zN+\"#`r7GPT\Zު\r+M17Qe uC>K,@L(iT: *٬t|:\0ŹT`Ex,U\nR+ê-F*\\~J;HypS`w%+_cWJ~4\nJW+G^p6|!?SZInKin\r๣WuN~DRCa]dt*C=5L		ބb7yp\"`\\6WIW.kwa^I7fEd1[])]kK.8 \'Ϳjdł4	vƵU8,!+aڑ}f_l^LB&.ےPxʕF\0 sva^w燬Ӑgf|40z$T^ֶ7qfK$60$G}qѥ O_ƚ5kOUΦFZm#W/Rs<5P5[Xami:F<@UBeɦ:)e\0\"[h;qx(^kzˆ<(~ZUbرapxÖUP [`P	؇:ïpR`Xu\'-U<p8Ai`aA7y>-kGE\n6iANF5q9o_Ey\0*1Qиdx\n6-CG>[1L96^at#t\\-ȍpq{`ʥu5\0\Z7#rtoVw50p	j2:&byk,d4xюoT#j.W:Ю|S7ςu\Z8o>-ͣ9@p8IU¨\"=w̊+h^~!\\<;\ZIݾ`CۻOVFݮ1fT>.iak@Dۼl\\eQp6M,5?.fwM;n?__QH3y\"D_E!#ۼѷg?ǿ?kFu\0','6.1.3-40302'),('201910272002472_cambioInscripcionEncuesta','Renacer.Nucleo.Migrations.Configuration','\0\0\0\0\0\0=r8PQ=*{z!̈́[g3xS@$$sE֒,e#JUH$2	 3{ƫ4ˣ4X??{^$H(yX?__/mze_?fg(</΂t!aٳ7ϟo(fV~^I@wŞiHJn*dK	M}tzGaqC$IZY<=sn;gߖ\r[P>/ҭ#5tQwэQpuE<6Y^\\YYU&Y	%$!߬Jt|اr^$t_d$f~G?闏4Hqcee}hV|@1Dzm]3M=7Iݷ[9in4	HA(hMH+r*+}ݤA:4y${`$}O`4/8~JӘ=\r>kpWB0{K>G\\ICqh\\?EZ;p|+U~i,X&gCcj-Θbchc6a-Tqj0櫹ǴX鰫+@xozuPwCJ]F؊<&ŧ51BHKI֨F$Ȣ]P-5C2(㻪T!uW \'\0$h:ר rhZ,iAv5{e\rVP46\\u9z@u`:LZ|ZEȪV2ڴv[VLe䚝E\'.yfg]:ʚ&.eF	O׳u\ZFQb*\r<rblf 畒RhQ,ه>`nʜG(:4&}R+Jxt>,$]-\'LŪqINY\\ޝP`\"RBAotO< ˻h_Acz&wxl~D\'yw~fY0[dBmD(,Oʘ{hINvŪGR]\\J,(v B\rzm\r~.Ok%ɲh<7]O?LO4|2F_췦h+@80ΑSػߪi^>19}de1CpiciR2Ye{micpsttG*	a[l{b\r~k[RTYUi5l`* (m%|U6>Fh_\'d%%vݕm$\nmpݓay=v+>g\\.h;\r><4dG\' _9GWXIa\Z1䏽z5amp6xT \'t[\rK1*p2lyŝG|+XZJp儝s5nBdTqZp7:\ZY`br5EqȉHdG}dG\rmy?>c51?W7)h2|Q5i{9BTE&_MOlVy2˞y, \0\\h\Zg>B\'~+v*	BNqٲ\"d\'^\n#()Rœ*P\nJp#U(:H\'\rOk	[r[y筸\'SaGH\r:]1j`\nl%W}UW䪍U ^~8>o~Kcq;۞hJ>4Qf\"0%):W.Rׄ3.\'A8$Nl_GC!C3o3$\'&5JMNxrA_lqkĆ\\~U@+)^sry	X&Ƀ.ph_@gi!^4|\Zq	+c^͛s!ͼ\0@:)R=zc\'\ZYH\rYx\0\'nTΨ*G\'>-{%Ou9ES3*s>\"E\ZkCT5\0SUJ`Usw\\К5yְ};uS,1<h-yY:gM=ǉ\0r1NuXcп셫қ/yA7m-qt׫?٪ϻ||?~\'K\n40qMw4kw4$$LB=LP:j?9_]\Z4LgB?\"7ўgKj~?ˣj8PzJWIU{PsX$1`z2$=·f1ėa,\Z%xGIHlFCjj3u\"\\MEL`9htIPmlObq haWIP)Vh㖍o~bÉHBdV)kw^Dl\\kR׻p&?8c\nwգOFrdq IӮ&ȉ{L?Z{e ,j (3Gjȉ3Kr|mN8΅٤I)4/5b.1469L[9#\"Mnӟ3NKNʹcZj,sYr h19z=dbgggkAC:pc+4}\rH.)!l<W<X>D\'5tZ\\Ⱥl_6\\\ZQДa.Xdypԥ|1)]2w$U8\n3N##._(\":Ǟ[ vz4=*,ODkB,2%?/VjL^c\0u-fQ3,RŨa:`IyEkwC%:>R\\o\0Ҥ鉳$q9a\r\r%)f1|,XyIX#ń+)#21zGyQ& \0ⶾ=m&|f`6P4(7$Nc2/=m\'E6XrБmhѸ6=`If7BИqg[uJt[dS\'^I5fV\\LP?1Hx;8RW:C2I8mOudK N	omn~thK4ծxIC`KC|=jQ4\n#-p#SG@lu=YK9@@1p,PvE	W8mҩ\0~iA o#,QBE܊;x2\0Nሇ*(홝\n\n0q\0(yUx	HE;!R)YTbQG,7@k8*P@MCU\0X$\"8\rⅬr>)!Ro*\0:EPh\\RHe*mNId3-AKEE#mY\\q(fq@qg\"Ta	&a,UB.GK%AVdՔ(8,/t\'8vM8`!7j\"Pc=r\n`!GNGrFMgBȖ2OrN5@C>\naxF\nd\Z\0:c̝bR\r}8{	)8fVmULkեgSR\\>N\0(!*QVnVB=AϨЈwhYU)>REgܩGlec=2b&5Uf:,E\0>\'\Zl\nD(b=*)s(=E41x(nmeѓZᆞPp):&%t8yQT7Q\'UBJQhJ1Dڀ$(R#qЃ|W)`Err\'YQѐS(y_dhԟ57lPy\nBcH\07EW8dW/&Q\'aHA.T$ls 2\Z2J,\ZZ4@,ln&Ply\r\0e!\rWv g0А=Ee	]. ʝO*8\nipyV%0&47:BRC,3xBd«*N>d\\;U=QQ|Q1\ZzNB\Za;-&g. (N\0[~pN֕onOtKV%bOʟ-on+[6_V7;o֫mOE{lYYn7̐|ُ7\Z&Χd\"JYQW w|2*D=KSuh7r\'ғ5Y9 )7Ƭy|;ɀg.xMpL]F uù≰4Q:x{mTOon<8P{8Afq<lᦝ5kO-~\ZVo!$󠄂%wQ2JĴ8J&hR@VA#=Xyn*%֞ I;^L)	:J74R@JJD\Z\ZE>\"Iq#.[Ehb(pFKO,A6_!Rj3|t*FmaZеsG8KRAcz&F}qAs֯ѫ3UAya2C%mpxUbͨy~#لmQPw$dlgqLeӬdc\'U$ii>eF.Nͧav081ae^h멹\0XL	d$\r3r(ɽ>+\'\rG7zqhOHRtKԶ&\0Zs_\"0,7Wg4z0ܯs*06%`#8{Uaѱ}.h+;B#0=H=mLf\0IHă	oW8S0ڗl0VZZb{c\n(v\"hSk=m49E[N3~1!WJa}bC>\ro6֚4lm=\rV7,d.uf\"rI5!\"UHwـ=UVs$ѝz~vPԆ5Lì%2oMˉ)PTN\n}zc3ә(Cf&\Zg`-yGSn4,-(ckVƀX04B\nCLTi>9eA	PĮ/1Vc rEXGpxҸ`0;BDq{yݝͧLH/jț!^4QQSH)t,+̦SKd)	_#\r96FXXi-w\\)j\rExXLtB#]d$}N\'OY>SXa!іx0{e! &0o؛oq*üJЅH	|Zcz1ga|m4>\Z\\/IҼ2RJ<9>(j^brR4Ye))	tYE\0*EFCKVxe9^̰Rܳ^	FXXy7XKw#,Ce8*Fu3NiFo8fFsj9Q|Ċ-ꖮOsȏ<P2U:K26G=$&^*闛+qM?W/u&q̫Ͽ+3po-y[KjKazO0B 7rsWri\'\rߓ#֛QxzU\\c|#P{b_U76;YX=[k]SOThͽPijrBIZ\nі2I(:J&\nE{TwCyUȃ)p De \\suC87B\07Al𡨤F И:\r?8T\Zp^kHǠ{[r UIӓ~UVMN$[	?0}#Q\n|¥rѵM-Ɠ>>iJVQO}*:*X&$k&iѲ>UdX\0/=]/Ov9|QWږ:It\\Vܐ:k=G9E\'Ԝ_K\n&n:>3o@Csz7قjqJFLyMq|jωqn^ޠ7EUO֯|)D-8?޷8rnzkiu&\0V\rFpr}W\\O?l~4Gˀx-zT怜bt|O*5_J0kK9تB5AK˝&E^мl@rhD;(WNԹ\\nַBؐlG;ujQmjJH;@*K5rdv57uĚ2wc͟x6ˣeN1%pdߨ8RS]^v}\rGf<Zyh\\*C;;\"\"vbB^/\'ǩ<O~3nB_RIzj:\\7$=]Ro3<0鳳$ަ·8\rT!\0γfbG\\[ŮEޭ$$vZ<3`sGO1p:F)dTONh׶;fr)(D\"\\_%CZvDθv1Y|X?WуR\nU&/$/2gQD;+jZ\Z%a;rѤ!uQ.1B>[N\'H>ϕ+.eP\'ӻ$y@gDF,J\"RLQ<Gn4Kq蒛Oy\Z{d;sNxViqK}DOvB{\Z	u!L*Q7O\'{x`FO%UP/f?\r`B[pgN;n]&~-\"6:)LqL5t,5=^cf2aeQ۵1o]TӲ[`-2\"3H6:V;pa;-50-K%i+<Yec)\0Iq\0=;;;FZo_{uBDJz̓{ir0#Z/݃S6vMyʀˋpKg@\nMv!yM<HZA?Lsa{δ-!r3Cswk-s >M!j.y]6R*<gut2{-9/I:V|:\0	x\0\'3k7sA{Cmhu\Z4p>u,^?O2`]oI搙UR|1p&γVIIuR8j=\r0&(rV2n*	93nlFb$!4ͮvQ 8dbymK.|Yn<(Ėh%6\\#,,\".gG84I,\r$̯ۜ$UxVЬ]!}eyqE\nrGrluCe^Ҝ\0;ěݒuX=AQ\'Kn`r71ҡY\'C݉5U1J\'WvbADߗcQ^e|`b*uDMI,)&V1tf;}4/ca :VR])F\'Ve0LuRh)~J;HypS`w%+_cWJ~4\nJW+G^p6|!?Sܞܖ\Zs[oݵúDYT,zkzh	`o\\\rxCPU\\!rC?mZ+]],֮V˽n2\'fTbSxDז]p+@N.ՔɊ[|ai,쎍kNqXNCVص#n;ؼ*M\\%(nq+\0@|ᡷtͼn;Yg!hb)`vIfQm[Non<I=l$a,HKA#.*5	jsP:<&Wf9z6KRi^xkj&´t&yc#nxlF@8@#/Ipx8\rwq`a芫6X/P%>яT=ٙY;6Oalլ=T )waUSpR`X\'Uyp\n!҄,T\r<\nxox0(+}WR.)!\Z*y9xu`3@F@E+؄3Uo=>0``xKlAn݇;W.5@([{CܨGL@~\0U[ѩ69{\\cM\'cDM7z*]\0ڕoY]NC\Z͇}RZyЃ8g0\Z]7}ںJUgBRYݓ`s6/$ޗ³ݾ6d(guo_C`hFQvx^D@\\_:HoPCΟ#b,TsNEH}4Á\'B$UD2}{p}:}[\0','6.1.3-40302'),('201911070031045_metodo-pago','Renacer.Nucleo.Migrations.Configuration','\0\0\0\0\0\0=r8DvH3ǌl~	f$!~|㑉AUrV@\"L$q>bzE0b/o;mWtіiqTM~\"۠8a}yfMeo=qPk\nk:OxKedW:HRiM\ru6ؒbb>LH^LbqC*HӬJ㋟rSYp -/xm5а2Z|]K|u=(^Q\n_QԻX,⢤s݋$=DAD7+7=_P}\'>\')ٗy|zKw^$a2>v$/| h6bþӦۛ-<KHn,\'\')ɃD$97).uqPU\Z]W@WLwFA,KHZC\'ᧀGz?$k]*γ,ᄄs{1THgxTQ41檂835Tl-\ZWcVqT5 7VS:G;I}.\']tťzu<始52BHKiLڨZA$]X/35BR(㺪ԚWtAO\0lnXf#CҤc@Os9(kZ	rB\\a6ZǤٍl%h%\ruk\ZjlOmHi]DzbT3O#c&YEa]IzV7΢>TLS>hA(X$JZTa=Kv!([2:D+:NJIkwE/ea?X67:\"ȩ4˻`]SQ(((C3v-݈ӀI[ڑ$=lJ,$$gl8pzRwWYfyceOf*aLrh rdAd_,[h@QjXq$Bb_B-Tp;=ryV}y{XYs{Cʢmn5|k(n!9k<ϭ[＞1Ƕ)$k/ϧD82]/[,6f<G>aO|p\"v%ҶG(ݐ\rpp[+!x͵8Qg\\$AGXE]au2N_nZb_	߶OWo;<vCحpm\'s!:NpGg8@q ی>RH?a><st՛T	\'6УqkkOue<jGuSV6f\\8-n?<1\'\"uWD4\nWF	0SHDK%-ԮjzgzC/zeZC! SPYǜT-Ov4ڗ\';Ho9a	j:ǘkZU3oڶ\'AT_J}OudTDg3güꉳ}>pf`ڟ@4	.<[9Wi\'MrD֖h)O+#}XU-\'bdJl^<Uʪ *	7A^jtbѾ%GyڞwΊ8}rQ!:qF~9[RfQֈ?oL۶łJz)Uj~/hi9kh~R:/󣟤Q#\'>4?wKO)ZƄ\"IN*:ɸ3ҾIPpNcwsdf/U%w< +$\'mY5GvZ	ø@`[*9]KhEu#a8i47*tƮc-Zx̮\\R`6++6P,\0tz.))TꉄYTF,,zE7.CmceV0\'h?ѾND`\"rFg)y2\Z_XT8]?{mqZp!{eI&d~c1~Hopm\'YƘ3\03չ2q}SN1\\|)JmYmoIA}T}/~w\"~`D8;:d{GnGO_dO>վθյ?IV+Rw\Z9WOM@i%\r?_QH=-(&4Zƿ,(SP~XA\Z\Zv8yMxdՂ$ơ,\ZxiDpfD,\";Vf3{L7ۘrӐE?@ɸ	H=+\Z{g9뱓-\ZT3ˑW)kw^D\\+p&?<SMK5OFq1 MIi@EDLs\\2aS̑\'b:+풑\\۩R!#ǹ\"M:@_BMMSV,>s cjajni=6)O\r4z2.iŜo\ZrDl)meUzv磃`8Y,b0͔us\rmFɎLU&h\"it02h\"OxNC)k鴸L@26I}:\rH(.1`Sh;Jp<N##&_(\"}&ǜ[ vz4={`x\'\r!	V(`#E5%\0Xf]sY{d=&x1Gl#gX8<Hanɲ]6^`	PvT+i7\0v\0i\rM8Kr~V3P.	xH`+2iXc!K\ZD-f<]^XIi~|*ee#Nΰ\rumX\rl\"ntD7CA f:M_{\nL+Ql\0rБmČhј.9`I<!hx`&=a<6ٔR>L̥Ei	oC8JI5-)Xl	)a̭46͜Ti|]*pK\n\ZKWFSIicLI<YVe`fI,e\rb⁓pxUgC┉HT? PDސKns\0\'kpCWNF8\\	︫UV<:Gp\n$ɔd`1X(xє×kY%(Z2\0,OgBg	c9C^^I͇gY%\0ˢDhHP.)*s$2\"LծDI,@w8n3͌\0 ޸ARPʰb03,LN#J\' 0+\0bbj\nU~ƖVh&U~VD^DAbqѱDb`%nl\"h9#؋!DK%r\'j &7\n<#z25@\0R1fO	>D>RŽ@vڄ3yƎ]6*:̕tԤD=\n5]A%r2hxx^\rՙP^~ƞZp6@*nnHnV58-#zSEOR`hq\"pQĀk@֓B8RSDO8T5n	cHǓG\ne@\r;z}\\&.\"CH2\"w=we:`Q@\\$)s5\r9EƌFXCqEq Z{SqSG)IuxEɺju4\"<JEB&\" !\0EHT}flV;h@/@n\\PfXzi҃ieX0\':-O\ZvP}}ǖ<كPfO	ْeX ^ܘ~IH\nrD8iv_씉DFEe]?+r;c/O1|K ;@ou&Tc8Z_v	?m~8*!ٕ ي:|CfǛqSY^l6E\r8a}yf\r5$6>{Ͷ	)k8/ʫh+U/OkRK@tdմփ$̜\ZA<v%mfZ{Tycn f~zudI2	\"m$_a#Ԍ\\y\"ozf{&,)8؋\nV\0%a2qE\0~(!k[Bkѓ5}HT)FTŔwꠓ^)$uI#AE(|!9O*e}K$C2nD>1⃑A?\rlubZ1QxCtܑ$E2|5Tg\0ijI_}}М+ǜl>jLE`Pbr?Pcr	[F-io3p6߈b@L6xy]\"_vl̳$!iV2拕Jk5,zQMPGgx\'0;b\0I2/4Ee@\0iwSq2IyF|^Ɵ%\\؂ن\"yp8ڊzKm,Y*|:ƥABj[h/ozǫs\0B9|=WYYCm}b=ͪp~]i-09<(8WsHL\n(\'R\'t]Nh*_2X݇\\k[hMB͍e(RdmOEȯv	m9ϬDw\0el:v\0u|>~,5`;eyXoJi<ne!wnZPxO$FHqE쩬#$6eZf#ٝxk~_NL)π}:xwU;\n eeMT1#8z3=Ƈ,c|lhck]O0\r\'xi&Adb\nX6fk(.A*ڴs$O+/UzW˕>P1^{\nAٰ aTL~s.^|E|ߓ$jcn|p^ΥnI+JTh)|%x<fɥpoȑ)#G}\"zߖN5\"UF,KL^\nNAWyR\'Oד/,{zAI0АhCVcE,=N\nNŠ擅o\"ط,LLPCJЅ~	~Zz>?ggAlm4\ZR	RY%SHAơ>Oj^bb5YR<	T9J\0*Oy!ZnS˽\0yw3,\0ͤW8\r	&VD$zEW6yXh\0NGbFfeFq>I$1L1<ebCuCI\r[9\'`\n{HT*%~T\\\\՚UԚEWULnTY?Q&gUYg0Ը?VW/8(mFy\\Wq%v#6[A)(rVrDbATԟoĆ\0?6oYk;$z%)TOST׫d=m4	Ӈz4\"ۼXm]NGtll: $nEkJw`pU|KRVD9IE-]4R\"SV(s$KBLP{7P!*ced`\"\Z{o\Z:uF9\rpsf\nׄy%5Z04D i9isJJ1[a[.gn`\ZOvp~\07hJR_Dk08WE,`$N:p繚?5J:Pu(L.]b<s#hU?8iR:eH:>jβV*R-j\\\0_N\rd&0Šknh.Deō93Vprѓ?~Ȑt6\rLUn;:6稣裿(;{J6&Wt<!í~{pdiD)\"T$:1榨/e(ՑC?Pà5â^bZ݁	@գe	\"̡<2\r&_d>42.^989 &,ޓJy1*=ΚgxN1\'&rglwiH6u13;49MY:ߩi&=+dLVO;ZZ#y5v֛$6is{^-,\Zd۴on4DcA \'hO9^H4]Aw3䤙f_á<-VTsStУnHɣПwr.ɓߠMJ+W{}RJGmdt6+_`&Q&}f6RٔXfPdx\ZC4%*dtƙiuuߴccLh6h=`9s|\0[|;M\"7t7tbG1MF+*V#)Jv|\'eKDԠ<?H(22K2b9<Nx$\0aEXrEv$>if1t{̮#ϔԩVs)Kz6i.\"딈Z,*\"RQ<\rGys4Kq2Oq\Z{d:yOL{{ni0{}C_fЇepY&F/;fxj,\'?\nyTMe+^Ih͞1ۇ)s9|4_\ZJe>Y^rNy&/LHP\'!0&f2ݹQ=	\0x	dZˢk-l1޷6i-0gږh\Z=+-El&dp0ňGE{3hcg͓ƴKT@	_\08X}y֞fHm7/̽\\8:!|\"z󤫞U\Z1xcQA;qn5aߎW.R0n-\0!qߏ|є=hwyάmĳ5<kLyg~Z-7x\")\'<9:_3oq%_\0#n\"Q{T絖Kw9SHt~ie[rK,_p>,p\0u\0\0N=k7>¨ax62:\r\Z9*_ᱟq`1_NȬ7Ksgձ_xU\Z<q@\ZcRm/a=Kn%ԏKxtY\'C<k\"]\"a!9̠ЮC93Af\"@bheCf_+\no8Xr`30ziR>#k[-`v$x#X`IE0\'\\yyȎqiX\ZH7̯$uxV]dyEy]PGURJU!ބ6XGcM\\FJ(zSHR|1_C[!uR`W)G2C;v!%P &S42rb|Mn:jC\\<DCJ\"<F	Ҫwh)՗btBaeÄQ%׺jTj$jgu{7	v_At;vG uոrH}4!M	aSc8ɑ<]	8]<:`ʠ.];oʐj(;l*陌NbG7.W5ez)媕;KB^b*lK& sBof9Ktx]cdWLMX?ڟ2ؘe5d)]9ruл Yew\0zOW̫UgGK7KB4ۈj*wzSgvIa#Q\rcAr4}B\rqqUcHP#2)4<C4YHmD0||\"5S\\~X\n.K10ZBHlɎ\Z}\\\0\rL$ÍS=eWm(Y8.!\n|gyޙ;֌O`lݬ<T .wauSpR`Xڰ\'uyp8\n!ŔaA\Z7c?\nuy,k	GE2P \'8[Wx\nf?S!;n\0.NdаIxd|y\"Wp8qQ*&?.1.p;C_\"W^C~fR\\n~Qz[O\0}!Ss,vg_cM\'cDC7z*]\0ڗoY]\"͇}Z\"E080Sr}7}ֹ\nuUgآ^e|%-IQ^~	}%<;IݾC&ۻKVFݮUL1f\\=.i\'Qk@D۾l\\eYp6K\r?.wM=n?_!8Dd?<-=Iy8>p\0','6.1.3-40302'),('201911090000083_estadoEventoPago','Renacer.Nucleo.Migrations.Configuration','\0\0\0\0\0\0=r8DvH3ǌl~	f$!~|㑉AUrV@\"L$q>bzE0b/o;mWtіiqTM~\"۠8a}yfMeo=qPk\nk:OxKedW:HRiM\ru6ؒbb>LH^LbqC*HӬJ㋟rSYp -/xm5а2Z|]K|u=(^Q\n_QԻX,⢤s݋$=DAD7+7=_P}\'>\')ٗy|zKw^$a2>v$/| h6bþӦۛ-<KHn,\'\')ɃD$97).uqPU\Z]W@WLwFA,KHZC\'ᧀGz?$k]*γ,ᄄs{1THgxTQ41檂835Tl-\ZWcVqT5 7VS:G;I}.\']tťzu<始52BHKiLڨZA$]X/35BR(㺪ԚWtAO\0lnXf#CҤc@Os9(kZ	rB\\a6ZǤٍl%h%\ruk\ZjlOmHi]DzbT3O#c&YEa]IzV7΢>TLS>hA(X$JZTa=Kv!([2:D+:NJIkwE/ea?X67:\"ȩ4˻`]SQ(((C3v-݈ӀI[ڑ$=lJ,$$gl8pzRwWYfyceOf*aLrh rdAd_,[h@QjXq$Bb_B-Tp;=ryV}y{XYs{Cʢmn5|k(n!9k<ϭ[＞1Ƕ)$k/ϧD82]/[,6f<G>aO|p\"v%ҶG(ݐ\rpp[+!x͵8Qg\\$AGXE]au2N_nZb_	߶OWo;<vCحpm\'s!:NpGg8@q ی>RH?a><st՛T	\'@_}DUqq#5܎.~BqM)[eW1Gss ؾ0](\\B`\ZD\"\\*UW:ke,֒0\n1\Zng0Z<\0jy2Ѿ<avEx[]_m֫0ƨU5m{/1lQTB\r_--OtV9{|6̫8sYg\0I}Ms<0A~x~{IdmYF2^r? (ITs8P$Rpq:J\'V\rOk	[r!_gy笸.\rso\'Oq%ees2iƴm[,ǘ\"[񂖆7oچ\'Ucm3?I*82i{9Hsi]D;e0?M(tXrJp;#[g4v7>IO`&Ru\\՞qy\"81I2ƙYc~4X n`;X6ejZIZӥf\nZT\'8@QMv,F@9:Hsw\'i֢5[Io.llŒ\nL8蒒KMHQ@eo8\'\\trxHQ9V?V֏y(7	sRvt]\"nT<|ubG]o)o5\0J0\\s\\5R?kؾW$<hm@7l~]g^m*q\"e90S-87$x,U͗$ն$L_|~?~\'+\nF$OPqMw$v44\n>%H3z\\댫\\]luyj꿒(|is:߫kl?\\eQԓoݾJAYak\"2׋!a#F-O6]I^-ArImʢqZʋw.HhM\rWj&NĒ+#ih	l;C74|ð)7\rie3䙙:ꨱw;Ɋlܢ͎8	x\"f}E$HÏ͵\")\rk`ÿ3ɻ0L^zd>h$rH5xf4YDNĬjU+#fQ;A}\"Sϰ.5>\Z+2r ޤ,Ծ5b0><6֓jn_@(VM!\'OfJ\\<f/\\\\g\'{>:ZseR)LXٙ<Jf	?\nTe&JGS* 1.ןhD1NYX̄,c\nާJ؀\\:Jf/\nG8=9bб\"҇ym\"p̹b׭G1ܳ搉gx\"b9`r.\01RTS\n/j5GEGNcp.J|Ć8r%C֬,KulnS&:`\reG5Rv\r`o\0Ф$1g5\r墝)f1?	kqaoMb兕GG^qQV9k\0qP׆l&6>MGt3b-o&\r>-Ԙ屧{@,/ÖM.9J2TͳAj39o(amMix)՘9[s1A\\Zd<f80:StdXp\"Ȗ@(6JlIծ !H|e4ըjQJ8eUFfR\0x*\0(&8	\'Wuf:+N$YNHsAEAd\n\r)V>pr ?tA)$h̕\ZXe#{tX@2\n	L!J\n%My<|ZQjJu*\"~h/dy03Zy,|xUл,j@ĬE\"AR1hKp\ZO\"i_*,ҝTJ4tC68̘I\0;.+	3cj9$ }/r\r`,&+@a~Q;ili6o\0PnE!UI$.@9,V9v*b3h:;BY2([{ȩ&\0hQp3R\'S Qc @dj)XdgMH1gؕjS\\.MMM\nq8LԣPӅ\0T\"\\\nz.ЈwhY0U.>PEgGl2憤fe^c\Z=2\'1U z:,E\06\'\Zl\nE(a=))s(5E1x(nMeёZᆚPp):&)t<yQԀ3QeBJQ(J1ʀ$(R-qGЃ}|WaE22\'YQѐs(y_dhԟ57nP9\nBkH\07E8uTgW/&Q\'aHA.£T$lr 2\Z2J,\ZZ4@,hOn&P	luo\02ƥ\r`Wf =hH聚Vf	Sp2Qj{l\neO\'ylJqqc=o`<-)^	b͍I͌NTKd*Gf,N8ZOTn*_Tf*9\ZjDN@z8׸GS ;\0_lB=ӻe盛\r]ڟ\nݎW1lnvAXYIZ\\?fSԠmYݗgaPCbg?n?l;,PJ\n.﹌R5A|\\1&߭oDd|MGVMk=H̹1m^=3iYߦouyWa\\xX(N<መ=vOoP꧷XLT(= 2F8AE6pN͘ɕ\'|i?wooPgYP\\K0hPXbZV-W +wKh%=	XٷzDjk I;^L)q:JR74RTahgR&aNoqJ?-IFԊÑ/><@~V Kxpѩ=iAIX/WsH%I}\n\Z${UGټr)擭FTdm)f,gO8y5vL,eV6\ni(dGAy.e<K\"f\'shX$VȢ5u|1wh?.Ƒ\nn+BS]O\r`Jv0\'#iTGaDMeY-8m!ыC~§c\\,ƚa\'};\'	 ׃~uU1)և K9߳`=ݬ/\0WވN}wu[ZCkC{ȃr0|5ͤl?P9q2 +zB5\\-}UN~(>\ZF;J,P\r;uF-4@bҮ)rYu/%w\':t`a>[5f9Eܯ)[zS:M{ˣдvH!\"R\rSYeHɧgE-c{8F\";.REnu/ץ<A,ʚc0Fܕv\'{cOTYǞ$-uFl`&(!O̃O\r!Em*fQ]Ti/>I&\\*,W_	+}bWbaA\\;$<,C`8dl(IF;ޞἜKhG+R!V$Q\ZSZK*1x,+̦Ke)	b_4p#9R6GhDSi-wI]+j	IXltB1#Ud$N\'UY>Sa!і\'X0{#0	>R\'D<oYƙ~s.Wݡ|/^π[Ch7]_%4x	K O28C}e&;mֳ<Qʤ &2\0TDFCCܦ{W)fX	I\0qZhLI,㟯l;2\0BOόD\Z,7}P%H\nb8Ibx ň-ꆎ\Zs<UzKRԭ5=D56[2^:]ꗛLΪ+`q=YgY^&qP4td/wЍ>KFlncRQdd,?-6<y7Z	$,INz^U,WnH>7ߤyXWomoVr:/VV=kfce}!-\Z\\s\'Tç[6\")e%L0.jzn7HzBѝ;5]$YP]`|븁:Q+#\'i{Щ{6AmHc4S&|+т1覱 IhLckTT*I\nZ/p`muxµ{@cc@ES:$\\)T*bF&gppԁ>ƨQICaRY躦IlTGQ\rH\rFq,CbQuRhpVu2,l4\';p6--]KwCuQ$:.+n	StI#@Yn`Я%NwtѱAGEESYK7lyJnC\r$FONxMq|r~ҙin^֠2c~_iN߶:c&0}k#hJ\r5	@أe	,<&6LQ7@|h\nѣesk=5vC!~Yr.ѣVq{&%`xk.-wV}a;;#&;2A=rOv١\Z9hgI9nS:qI??((rɢ1pLNFOĈ;1Y69TՎ|c	JNz	5:-hKy0@M=j$<ډ=0	z<1<y!z܄)rקtVMKGns\\:f\nfy`gf#5/MioEqfDLM~HM?,oN]]M96&fZQ?0%I8M*2=N\'C\'v1$m!h!:mg}Rƻ,\\K@IKI\rʃ++H.( S$4wA\"\r@ihVa%WdG꓆hCG:2pM9Au,>IK辺$a2(@~NŢ: \"u,e;pwMWA	8\'Isꛇ4^ƙ؇/95J}`f0}G?m\"i,c)V2\0G$>YC8L~R1gB=G%;[_f8:\Z({Nwh_zmʹumrl&ӝkL3pnO&,j6ܲv\Z}lsmAHҳB\\dfhB\0;SpD]?8n9Fnmq\0_PiL[IMϝ.KOاgٙj|2̅Ӭ/(\'RW<Oꑦsˁ7FC_ V]NP9\0y3 ax@:\ZMكvW!!zVM<HZCh>sa;δw%r3\'rCs{5W?&5K{^k}Ӎ>T\nOy@|V@%%	򼱟|P,$س&XxS//wo#Ӡbm\Zy ̈zH4xVKWa1fM,ֳVMIu;=\r0&(rV2nJ	9d3nl&b$!<̮vP 8dbyj%6&.#/8&<%ߢ{	\rfK7]0TC~Eg11D{NJRg)ɻEq^WA|P!]^iNMluT?f$Ka%n`r71!Y)C541R\'WvpD!?cQ^e|`b2uxM#Ӊ/)Wtf;%C4{(ca zVR})F\'Vf0LURh(~L;HyVp`%+OcJ~\nRW+Gޔp6l!?Sܝɓܕj3[oݵæxY/zkzh˽q`oL\rXCPVL!rM?]Z/4]ŝ/VF˽n2\'fP`SxDו]0+@N&Ɋs[|),쎍iN~XVCؕ#Wn>߼.m\\!(n~+\0@|wtͼj;Ye!{f|40z$TN֮r7qf7K60$Gsqѧ w_5Ɗ59(rI̳=D%錴FTɇK/Rs:g04I(!4xȦ:Ge\0 Kx<(?^Ў㰁N=P6.,\Z>]~f%r\'*}V읙c	-oClBq\'&p>\\7U	(;\r{\"]7OG2(EXx$Q{>à@xPβ_I/|Xl0+CrҚϱu`3@8F\r@D\r+L*ru1L12^aC\0R1[c\r9Kz\0*/r57o& .άw50p	nw2::by5\\?:xN)9F4t]w}o?П%݅?,\"IQ=|ا[ͯ+Rs\n3%!pyg뫀QWEx-\ne^AX W³#ћݾK:dKĨgUo$_Chҟqx^D@T\\_zHoPKޟ#\nxsAE9HOO8xȃmӟ_<ؕ\0','6.1.3-40302'),('201911150626525_agregoEstadoEncargado','Renacer.Nucleo.Migrations.Configuration','\0\0\0\0\0\0=r8DvH3ǌl~	f$!~|㑉AUrV@\"L$q>bzE0b/o;mWtіiqTM~\"۠8a}yfMeo=qPk\nk:OxKedW:HRiM\ru6ؒbb>LH^LbqC*HӬJ㋟rSYp -/xm5а2Z|]K|u=(^Q\n_QԻX,⢤s݋$=DAD7+7=_P}\'>\')ٗy|zKw^$a2>v$/| h6bþӦۛ-<KHn,\'\')ɃD$97).uqPU\Z]W@WLwFA,KHZC\'ᧀGz?$k]*γ,ᄄs{1THgxTQ41檂835Tl-\ZWcVqT5 7VS:G;I}.\']tťzu<始52BHKiLڨZA$]X/35BR(㺪ԚWtAO\0lnXf#CҤc@Os9(kZ	rB\\a6ZǤٍl%h%\ruk\ZjlOmHi]DzbT3O#c&YEa]IzV7΢>TLS>hA(X$JZTa=Kv!([2:D+:NJIkwE/ea?X67:\"ȩ4˻`]SQ(((C3v-݈ӀI[ڑ$=lJ,$$gl8pzRwWYfyceOf*aLrrƤ~r9fAq_,@QkjXp$UƼOb_B-Tp;r}$}y{X{Cʢmn|(n}!9Ym<ϭ;È[＞KǶ]*$ki</.B;znݶ1K\0PȰ\'>z9T\"i#n[8Zͳm`W\0Aim #0B:F\'ÈTN6	|-oGo\'a+旂O:B}8>y*]vv\n83sxpmn)W$۟0hr\rOM*	N	ՓAm>V~\ZqGOz?Y!rww`?Ï2\n+m$g\nq\ndyc\\l_CE\\p_in!0L[\"Y.Ѐ*S#BcnZekIL\r3f-s\0S<h_v0\"a6MTcY\\ӪQ|Ӷ=qڗP(WB~{㭆\':=>UOG\0$9 Aa<]qJ=al@Z$,EHa|ZZJn9$W`k\"XRPI	ET\'e-9/ͳsVa9t7$8Oݒ2F|94xcڶ-lUcLUxAK7mCױ߶$KwӴ=ќ|dyߴ._z\"N2&I:W,wRgOƝO3p\Zf$\'0Gapjϸ<`X$Jmʬ1?w,J\r2U$x2x}HG3`-|I#}]T4vOkњ٭$ev7bcYYNbI@uStIIɥjPO$(7fa.qO<d}j+<9)G;@Ou]:.SP7*>O1ԣ\Z\0FJr\\[.hm\Z5lM+K|46x y6DzSl8@2ƜQu<OKQnj[}K\rO/	yÏ#\'_(&;w;}\ZT${D=u~qO\n<5\\_I\rϹRlյoJ{e.iBIo@7n_ 05exGҐ԰{wE|HÖ\'$ 6e8-;Nx$z4+5}\'bّZ6!Fߛ`uaƔ2LM@v_	u;YdEO6nfGgvYDJ@^}\"$Z߆50J|]X&~249$EX`<H\nLL,\"\'bV5*핑g>SީgXi\ZGO9΅	oqv&jjj\Ze1pUriVVCtsNIblyYuL+挦~Ԑ\'b3%.xLIme.Cҳ=-9G2lf)itLc%hh3ڄNvlf2AI[#)Gk|yOpJYKŅO,fr	MN\0	M%l@B	GUvC.|R%EQRAp1ABü68֣Ds3<mO@9`f\0G\0))y\0D5#\"#\'1Y8I%>bCw9Ò!yEkwK%:6N\\OC\0HkhYɆrNC@[yNɄ8V^07&m1JJ#UY/(mdtr5mkjhggq̦#\n7WijLSf=XqZdl\'fD&M%vYKA d5͜	6Ȧ4Lj̜~fb.-2LKx3RǩW:M2Y8mOudK N	oenathJjW^R_r$2jT5MH(%\\tdHͲ*3Lb)@\0<h\0XW\\:@L\\}DM mM D]r+pU\089Xʠgv4yJx]\r\n@=:,S Hg%SG<\\(A5Ժ`xz?cp4<KZz<ȇHj><*]5 bGCpI U[%8\'ɴ`/eNdv%\ZLg	sštAof$\0Ɲ\nR넙df\n5pQ>\0Y0PSSTX0gҝ4B7aEr\"$\nCu \0+uӅ}f;1@^4!Z,˭=AT\0A4(Q)ԓ1{Jy 25p\n,3&``3vJ)VaT&|\0&QB\0*VW\\=A{Th;,E*]ò\"3Ԃ#RvsCRw21oǘ*zr=\"\0F\r\0ێ\"\\\0갞9\"\\t<pxaHpCM(8D:<R(jޙ(2It!(Abe@Q#>+0\"L,Ũh9/2f4O\Z7~(ό5$r\0ܛ_:JO+JW0 Q*69O\r\0%X\r-\ZE\n H4ЧRxF7c}GA7\0zzp҆z0\n+O34$@M+3҄)8i~B(=6t<L8817{J0Ζ/1ƤfF\']H*w|\0@2T\\x#BɅLbL\'*7\n/*3YA{A}P\r5t|ptk\\x)\0z˯6]MlV	ɮIVtnGZ_V7 ֏?ެW$-.֟rb)j6˳0n!ٳ7ϟo\rMȝOv}OeD(]SL_yQ^epT\\F[\Zx\\t}I>xu]V^P2#$a\\՘6or,oS7Sպ<Dݫ0x<,E\npDpYp7s([[&N*oNn#q \"qnfy>״ջ7X7s(3,(`I%^T(,1-+RD%E	I^Z[DJ`5ͤ/WJ@%M\Z)*JD04泍|yR)0\'\\8%$u#jqDWXQnn `Cۥjo<TB´k$I,9$>KHWL=*l^9gVg*63\'ܼه\Z;&K2mUbuv-|;1mQswA}1򒄈^..</V\n@{QdԘ6fNBavHR21a}_h+㩹\0L	dj3\n(b_Ɵ%\\؂ypK8{Km,Y*|:&Q0Fc}0Pxӓ>^p:|ʪDڔhCokG_ӞgGEU=:N\0n	-x͡=AYCfdlPDA=[\Z.FS~	>*ChWdQ^@fC#Mp(:gOE8vm9ϬDw\0el:0``-V\Z\"z؀픭a)]>hZP;{O$FHvX쩬$S\\f#ٝx~_NL)π}:Ηj\n eeMW1#HƇ,cOh~]O0\r\'x(Cb\n6fk(.A*ڴs$.O+/Uz̕>+V1|\nAٰ aTіLu91^|E|\n$j1o|p^Υ	+JTh)|%<fɥp\"ȑ)#G}\"ߖ5ZUY,KLNAWyW\'ٓ,{AI0АhCVCJ,=\nNP擅o\"ط,LLPCJЅ~	~ZΫz>wg\'lm4ѯҢ	R%SHKơ>j^bb7YRcTS\0*cy!ZnS˽Ny73,ͤW8\r	&VD$zHFW6yXh\0NlFfeFq>I$1L1<bCuCI\rd9i\n{H^*%~^<\\ؚU:ךEULTY?Qt&gUYg0Ը?VW/8(mJkF9fW%v#6T[A)(VrDbAWؼWdN{P}P$z\Zb*v\rvG!l&6/Vo~m}z9~z]3+(Iem;>5e.QN)-dqQK3\rtvEZףܩ\"҇ꪐS{-^\rAX@88IޛNݳx2\0nC*5C^IA7HZ@c\Z4\\ҦRiLjYfz\'kc\".\0o,ҁW%\ZNUX5z7	78|$y&f0F҆N*_p\nzG5ub}>h	rXurW7 MzW7uWǱ][YmnYXPhpVu2Ol4^\'kp%6-]Kwsutܰ:.[pVc\rN|z\'ݏ\0fIH*4?Z:z&u}mp>ds2d;u\rh35,1\Z>ũe]YNgB~>=Zv:a+{~#u\":}\0?Pà5*7&\0=i\r&p`_24n09L\0$Hv;[9hii${wIV:fX\rĦ.\\k.tL	DɁ[]jT-b̎fN$gӨww:|O%	ʩ>Y?iNfbk<Hϣ&q*M$xƥ]Ȟ?DG%F1@mM>#XnH<Z~W;ROWPM%(9%p`.hͣ.}:&h\',\'sĜq^(Q[52͔:9+IIԤt65&ƙMSi\n4Y&p9;qf:-vv7ؘ(SPM ku^Gz\"<\"7c&dfS9\rѮkwrdQD޾JՇH.Ҿ1_Ir~.c\0%-%5(+($L Ң̃XN>04\0qX)\\I+O\ZYg^{%!4u\\JJ.꒬^Mˠ:MJ뀈p$OQ@.16R\\dSF` \'Ωo%{g\Z.hc(E9°3/ay ˎYh8<bN\0\nyTMe+^nh͞1)s&s9|4_\ZJe>`rNy&LHP\'!0&f2ݹQ=S\0x	dZˢk-l1޷6i-0gږh4 =+-El&dp0ňGE{hcgƴKTh\n_\08X}`y֞fHm7/̽\\8:#|\"z󤫞z\Z1xcQA;Nrn5aߎ7R0n-\0!qߏ|є=hwyάmĳ5<kLyg~Z-7x\")\'<9:_3oq%_\0#n\"Q{T絖Kw9SHt~ie[rK,_p>,p\0u\0\0N=k7>¨ax]62:\r\Z9*_8ᱟq`1_NȬ7Ksgձ_xU\Z<q@\ZcRm/a=Kn%ԏKxtY\'C<k\"]\"a!9̠ЮC93Af\"@bheCf_+\no8Xr`30ziR>#k[-`v$x#X`IE0\'\\yyȎqiX\ZH7̯$uxV]dyEy]PGURJU!ބ6XGcM\\FJ(zSHR|1_C[!uR`W)G2C;v!%P &S42rb|Mn:jC\\<DCJ\"<F	Ҫwh)՗btBaeÄQ%׺jTj$jgu{7	v_At;vG uոrH}4!M	aSc8ɑ<]	8]<:`ʠ.];oʐj(;l*陌NbG7.W5ez)媕;KB^b*lK& sBof9Ktx]cdWLMX?ڟ2ؘe5d)]9ruл Yew\0zOW̫UgGK7KB4ۈj*wzSgvIa#Q\rcAr4}B\rqqUcHP#2)4<C4YHmD0||\"5S\\~X\n.K10ZBHlɎ\Z}\\\0\rL$ÍS=eWm(Y8.!\n|gyޙ;֌O`lݬ<T .wauSpR`Xڰ\'uyp8\n!ŔaA\Z7c?\nuy,k	GE2P \'8[Wx\nf?S!;n\0.NdаIxd|y\"Wp8qQ*&?.1.p;C_\"W^C~fR\\n~Qz[O\0}!Ss,vg_cM\'cDC7z*]\0ڗoY]\"͇}Z\"E080Sr}7}ֹ\nuUgآ^e|%-IQ^~	}%<;IݾC&ۻKVFݮUL1f\\=.i\'Qk@D۾l\\eYp6K\r?.wM=n?_!8Dd?<-=Iy8>Yg\0','6.1.3-40302'),('201911150634510_cambiosEncargado','Renacer.Nucleo.Migrations.Configuration','\0\0\0\0\0\0=r8G%wOOw;pKcFò}SP$$sE֒,e{O_XG&_%W`$D\"L+I0ON+I}~ۿ٫`}Q<߽l2z6$K?n |wz\r juaᖔ?ϋ$.{U(Ӓꭷ%۽dzDwI2rI|zw^\Z]ua~Wc5l@,O\0_e#6EuK7JWc1zYtnCo{qEU\'Hv5+=kObd^l~?(b2>Mv$?za^mvaیiSMzvFey^N^囀zN0u*ή+K{QD^};#Y KDċrbR#zxo}9W/ᮒ_CqssS1THgxTQ41檂835Tl*WcZWq,TU 6TS:{;Q}6%Mtǥzu=52B@Kç8zm{ܠS/Ƒ\ZP!x)BqUJ{I]ԯ\0$h<xwE4iXӜhikv\Z IlvBQx؆Vj1ik6#j#6ZIChmGR\"c-ivѾ{Su?A4~p/R4~?+^%Ax*⩔pNdP\n%)*װ9;g\rWHIvD\'%ĤrrA^[$L=hAul#afIq[X\Z`ˢF$u	E!ActGրq!OҎDQ8/\'K;It~	\'zwnjY0[~2\"Η6h#Xޑ\Zyc9X:[UŶ`]@ftݴ>nVh_^p3z/0(T O$xPI4φ\0hv뗃p\\8Gp\Zs}c~˖yv^C;Hda|UEx2BpdI{mxy&zKWې%<-Q]WE45%ұG(=Op(!x?)oP,L0bs#l8rJ[C+j\Z#btTH~q\'Nn\\.vGei]fEo|x.\np;=}Qo 6a+\"UbtO;M,-Dы:@_}@Eq6AZX{Tk\\}d+T=R?J//1Z>*ap+MR/<ؾ0MR/\\B`\Z7D\"\\*9hUvW8zkV,֒0\n1\Zn6j/c)ZvvN1$~-ߧ:F1,cEM/9k {|w;!=HWKUN\r\'N]i=\0}\rc ¢0]q=a\0!JdYJBR{^p+CP,_ڋ\'Q`JYB%ȣPL,\Z!dO#_&y,cNn;1dweRCS$OZ9TxcҶ.lUcLUxA[C7m]ס߶~%3Tm|4&Ioj/=NO$+;+GlmB8^y0W%ܰ3\'#+\Z$\'#mYU{v	ݸ@`v+9\\nK4VТ:E5w8E\0+첚+H;CW\Zar\'ӦڜRa]+e(D\0Tg89A\\FoD$\r<z,,xn	N(J+<){;@t͏u]:.cP7<>PR߶{\0+ar\'S=_afY\"	=_YLe4[d8P),-\rLtd\\fd#{4׏YN6(_L?z??sA#8;:Wd{KDʳ߼hOJj_%\\$cSU1{\r/uiA]ڣgU撊؏/RNz\riw*V	.;gm(;_ݺ+2]\Z<t?&i!zq(q.oa;/ң!45h;K.ɎŦ\'Yyd4DG\r6h48IT@BvÑyI@dRNkw{l+S3]tɉ<j\0#h78JCW-̨7w\ZKաWPF1 P\n	LL;\"&jU,=fVUAa29PEza 3\0/HkT1$8gV@$&[vV^\ZYWYQ5Lkni-f6N\r4Oy2.lŜπ\Zr@leSR۬yːdG`8YM.b0Ӕu4VE*0ZE &ɪLD2WaJ1e=niD1\\e5f_dmn1.\rФe6P\r)J0aȅ\0ShkתQ`9=uġcwZsǮۏb	C&E\"|<\n\\L5c$\08 Yif9_!^)A:s[;GXk̩ױM5ts7 v؃7t\'*MG9@l(\0<c(ӱLX106Gh3)-2Vd,/rsx7k\0q[W׆lmgq	MGt3bo&\r>\n,ԘLcOAπbQ8j t`?1)\Z6h4Ɣ$3g,F\Z0BVyC	nJKJ	g$\"3i	oCEpz\ZfH]BVWfψfNLS]*p6T<\ZM0,B	`j.:0qfYԃe&E \0\rdh\0	8	\'Y}Wer2+DIQ )#uΏ DM~+8Mg\0X$FWf\'A#gwʋ@	Dޣâ(`\"2]L,K4\Zhu\"G	\n()m`\0DAYXΐךl@>DReV	@벨>\ZK\\-<L#(~(Hc=ڔh 09%qX͘ʏ\0;.+-fF#W4SӦՁ\09E\',	,@Qln*\"2QWt \Z2rbO(@m\nn$X_ 	J]\'r4&\0Q c3R\"%J\"PGN!\'CmB\n<}ǮbJqi:Ĥ\0I\0.\'A\09Szbw+0V\np7@#ޡ](:t(B/<cO-8b Ah77$up758m#zSEO\\`hq\"p^Āk@\rփBC)EGvk7ԄCH1IA#2:읉=@.DRʍBTʌ!T$Ejۃ2Hc .d)F\rDC!@~1Q2P_C~fjER{SqSUߓu$$I6E|G`1C81\"h@hQ/R\0D>pc_:Ce\'4xY7.m3,49ieX0\':OvP}^Ȗ<YC(|3mI8LC/hnLz?hft҅Xzg$CrDrr!|S&Cst D\Z:>QS:btƀ\Z@;@ou{8Z[vW8*>{/*ٲ|e]zaK^l6Y	:;ن~d]~\'\rU$6ߝy|`l|>%:ص=IvM1}Y~ޭWsljq%s׸b4Mu?ґ5Y1 	3ƴy񂻗/]$~㾙ֵdA ^qa)8U1S{m^d5̡on,8P{8Adqy؈u\'5c&WZ\r\\~Voc!4̡p/%9b\nV\0%akdJگ^C+n	zJOV}ZH	`1ɤ:&WJ@$K\nJ04泍|yR)0»8#IFT\rBÑ/^̊.<G[-a%V[Eb@L*v	ӂ;E(_r$ u_-$2 z\'[^Tdi)f,e-ܼC%pxK%¹\n7i#\'三Gzi*r`F\"\"*a\'s0X-RimZ\"	\'%|Quw?-y\Zd/aik㩹\0L	n	SqTCyFT}/¯.lQAu<85^Z\Z6,IŶ\"Xr_ 07(W~$eu1ܯ*0:%z	`.cjp07~\\q-y098WsHDk!\r)\\.qࢤ`4ol`CrFyI4ڮl1;\ZlC&7ni>!3$XS8Wx~\'J:t`a>6b-T\Z\"׀픭a!=U	ZP={O!-ftQKL4i6fOeU??gjƚmqՊLnŻX|˔TV|#	\'ARZ完÷\"\Z/y$uQ`&(\'xi\'Cl\nx6f+(ڎ.^,s_(.O;oEz̕>+V1{Aٰ aPL~t/^|F|\n얥1偷g>uq8/RsъzMT*֒\nm|C̵ط\\֑:R6gRW=81#/1y-8\ZbGI_g泼St0h%#~HǏbTbo{\"\Zoq\"ôBu9O	]ϫnij=ߋ3MxzqvL }\'LF)1U2Q=Na>\n񢌘WUL2*(/v~s,<a&\0((r\n\0+6<0$@9\rk8,J)SآniB̢C|s橰UҪwNeu-Qh-Չ\\lUkT3:)O?+7ƕw(?^B/yb_O%}}8ۍ>l%˂H>[;g$#4>M/O߰ kpA{9	{yNRJ7ś`\"{v\r!=W&6/Vo>͞ޥt_NWݣk$f}!S-\Z\\s\'T\ZkUmR,AHe+X<ܒbM?uΞO+B`Ec[d^rw8JޫNݳ{k\n\\`5C^H^l4i](҆iLXfrKk+}\"A\0)f7^AZSv֯\rNU(\n70:0\\\n>5M5Òv܎U+rIzr{ib݀Tb`b%~YbGيV\rG]poPGH\nzTFiZm1hZq\'觯$\Z~8Qe?:3Xt\nMU}pe?oSC:8\rԹ*wQ\r,Y|#!?^V2nIN߶01\'Ƒ%چ#Aۃe|8&!6L6T7@d>42hy;K:ۗ`Wt\"|xWeS{kMU#bLE3\'	Yǳ\rWDPovkkil\Zz^ Td)Imh\\\rE<X.5Ď%j}]ib7qǂt3 \'`O_HB]A7=䔠p߂|=;v=4@s$tNHB̓؅iO9\'qC({mMGiUt\\uMGY\"4t**͠:0vaUvC3i&jRawf\"w|1)pC)T\"4ouѮi416[L\Zp `!):Sb\'׫}%bt$aTb$|@b$夿0ÝIj\Za[b%ّ!uQ.0\\~;SNo%P>C,	JXe$FyJ|,䌻O<vYWRw%HNV/*䅗zS35\nXe>߇DPZXvc\'V֓=]*܇CY)˹>+*Rqx\0{ꨣ܌>eyb3sRL>\"!\0Hqdszcb\")spD*̪V2d=fr㇍h9g!Te5ah@\0;S8pD?$7D=8{(T-_$Φe`\'	`γsAc}2̅Ӭ)VOꝖs`2FCڷMP9\0y6o!H d}?Gjͺ0HFdi&\r*!Tƹ0ދgZ\rSlƓ8Υ̹j9.3 M%d\nVSqN.}\npķx;E-}&<wss,`\\r,X.<$?\\uY<tOF֠byy KhoI搉E\\|1аIOsqdg	ٟ(QgoOL~t&s\\7[$[7Rҩr ~@́$1..CF+v~1fI䦉KƂ	O>7Yc%<0,s\n.,]3OCRMLPg1IEa^zlb(Z]\\:WD	B:(W(r[~ԕP4HR|1_C[!uR~`)t&\nnEysҕ%L\'_Ea-P8\0wѐQjZAJXŨZ˯vՐT}IT9 nzswR\\)ԏSAr>C¦-Dpˑ<M	8M<s:`ʠ.S;gLdH5VLR|1#_CV+{cj*f\nA9̔kiIʝ%Pm~O(R\rdg+\r/ThJ./SST5(|l ?]z1mq]fjͱI9`l:]1h+\rewMjSHg*ӀѴU/|n4x(L=l$aH\\& ucEZ4O}bqdC#Ug\n郴F^pk*v`¸xt4CA;t<\"Q A ~-	4JVOikO8l`CLCߵYTeCCCD=R\'gf>U3v8(vaYy@h\'0P]\0\0eS~L#0L,ȱϺڰvв	h9BȠHns004\r>4\nD_uvKL2!GH$YaVL3T<F&?h	@!J\0\nG\0\'2hX$b0>x WG8))Tzn2+.\r\'C_*-]V8B>|3\0)P.7p|vfi9pn˶[e!Ssgu穆xeBMN:~юymu;l6Օt)\\%>.^ɫ~],@Q197ǶΛ.i.*[Wtl{/<$|WyѾX<[>C&%Fᵩl#|nWʆE3,|5\np߼,2/޾l!MbC@5Z/֏d(]|]>=iۧ{#5HOOлOmVӟH8\0','6.1.3-40302');

/*Table structure for table `asistencia` */

DROP TABLE IF EXISTS `asistencia`;

CREATE TABLE `asistencia` (
  `id` int(11) NOT NULL AUTO_INCREMENT,
  `idSocio` int(11) NOT NULL,
  `idEncargado` int(11) NOT NULL,
  `idDetalleEvento` int(11) NOT NULL,
  `estado` tinyint(1) NOT NULL,
  `fechaAsistencia` datetime NOT NULL,
  PRIMARY KEY (`id`),
  KEY `IX_idSocio` (`idSocio` DESC) USING BTREE,
  KEY `IX_idEncargado` (`idEncargado` DESC) USING BTREE,
  KEY `IX_idDetalleEvento` (`idDetalleEvento` DESC) USING BTREE,
  KEY `FK_Asistencia_DetalleEvento_idDetalleEvento` (`idDetalleEvento`),
  KEY `FK_Asistencia_Encargado_idEncargado` (`idEncargado`),
  KEY `FK_Asistencia_Socio_idSocio` (`idSocio`),
  CONSTRAINT `FK_Asistencia_DetalleEvento_idDetalleEvento` FOREIGN KEY (`idDetalleEvento`) REFERENCES `detalleevento` (`id`),
  CONSTRAINT `FK_Asistencia_Encargado_idEncargado` FOREIGN KEY (`idEncargado`) REFERENCES `encargado` (`id`),
  CONSTRAINT `FK_Asistencia_Socio_idSocio` FOREIGN KEY (`idSocio`) REFERENCES `socio` (`id`)
) ENGINE=InnoDB AUTO_INCREMENT=95 DEFAULT CHARSET=utf8mb4 COLLATE=utf8mb4_0900_ai_ci;

/*Data for the table `asistencia` */

insert  into `asistencia`(`id`,`idSocio`,`idEncargado`,`idDetalleEvento`,`estado`,`fechaAsistencia`) values (1,1,1,1,0,'2019-10-18 02:48:12'),(2,2,1,1,0,'2019-10-18 02:48:12'),(3,10,1,1,0,'2019-10-18 02:48:12'),(4,1,1,2,0,'2019-10-18 02:48:17'),(5,3,1,2,0,'2019-10-18 02:48:17'),(6,10,1,2,0,'2019-10-18 02:48:17'),(7,4,1,9,0,'2019-10-27 14:18:30'),(8,1,1,9,0,'2019-10-27 14:18:30'),(9,11,1,9,0,'2019-10-27 14:18:30'),(10,4,1,10,0,'2019-10-27 14:18:35'),(11,1,1,10,0,'2019-10-27 14:18:35'),(12,11,1,10,0,'2019-10-27 14:18:35'),(13,3,1,3,0,'2019-10-27 20:47:04'),(14,1,1,3,0,'2019-10-27 20:47:04'),(15,10,1,3,0,'2019-10-27 20:47:04'),(16,2,1,3,0,'2019-10-27 20:47:04'),(17,3,1,4,0,'2019-10-27 20:47:16'),(18,1,1,4,0,'2019-10-27 20:47:16'),(19,10,1,4,0,'2019-10-27 20:47:16'),(20,1,1,5,0,'2019-11-11 03:11:29'),(21,3,1,5,0,'2019-11-11 03:11:29'),(22,3,1,6,0,'2019-11-11 03:11:38'),(23,2,1,6,0,'2019-11-11 03:11:38'),(24,10,1,6,0,'2019-11-11 03:11:38'),(25,1,1,7,0,'2019-11-11 03:11:46'),(26,10,1,7,0,'2019-11-11 03:11:46'),(27,3,1,7,0,'2019-11-11 03:11:46'),(28,1,1,8,0,'2019-11-11 03:11:57'),(29,10,1,8,0,'2019-11-11 03:11:57'),(30,4,1,11,0,'2019-11-11 03:12:07'),(31,11,1,11,0,'2019-11-11 03:12:07'),(32,4,1,12,0,'2019-11-11 03:12:13'),(33,1,1,12,0,'2019-11-11 03:12:13'),(34,1,1,25,0,'2019-11-11 03:12:46'),(35,4,1,25,0,'2019-11-11 03:12:46'),(36,11,1,25,0,'2019-11-11 03:12:46'),(37,14,1,26,0,'2019-11-11 03:12:52'),(38,1,1,26,0,'2019-11-11 03:12:52'),(39,4,1,26,0,'2019-11-11 03:12:52'),(40,14,1,27,0,'2019-11-11 03:12:58'),(41,11,1,27,0,'2019-11-11 03:12:58'),(43,1,1,39,0,'2019-11-11 03:13:05'),(44,4,1,39,0,'2019-11-11 03:13:05'),(45,4,1,59,0,'2019-11-13 00:15:15'),(46,1,1,59,0,'2019-11-13 00:15:15'),(47,12,1,59,0,'2019-11-13 00:15:15'),(48,3,1,59,0,'2019-11-13 00:15:15'),(49,10,1,59,0,'2019-11-13 00:15:15'),(50,2,1,59,0,'2019-11-13 00:15:15'),(51,1,1,60,0,'2019-11-13 00:24:51'),(52,3,1,60,0,'2019-11-13 00:24:51'),(53,2,1,60,0,'2019-11-13 00:24:51'),(54,10,1,60,0,'2019-11-13 00:24:51'),(55,12,1,60,0,'2019-11-13 00:24:51'),(56,2,3,13,0,'2019-11-17 18:44:14'),(57,2,3,14,0,'2019-11-17 18:44:17'),(58,2,3,15,0,'2019-11-17 18:44:20'),(59,2,3,16,0,'2019-11-17 18:44:23'),(60,2,3,17,0,'2019-11-17 18:44:26'),(61,2,3,18,0,'2019-11-17 18:44:30'),(62,2,3,19,0,'2019-11-17 18:44:32'),(63,2,3,20,0,'2019-11-17 18:44:36'),(64,4,1,28,0,'2019-11-21 22:38:18'),(65,1,1,28,0,'2019-11-21 22:38:18'),(66,11,1,28,0,'2019-11-21 22:38:18'),(67,1,1,29,0,'2019-11-21 22:38:25'),(68,14,1,29,0,'2019-11-21 22:38:25'),(69,11,1,29,0,'2019-11-21 22:38:25'),(70,4,1,30,0,'2019-11-22 01:23:39'),(71,1,1,30,0,'2019-11-22 01:23:39'),(72,14,1,30,0,'2019-11-22 01:23:39'),(73,11,1,40,0,'2019-11-22 01:24:21'),(74,1,1,40,0,'2019-11-22 01:24:21'),(75,4,1,40,0,'2019-11-22 01:24:21'),(76,11,1,41,0,'2019-11-22 01:24:26'),(77,1,1,41,0,'2019-11-22 01:24:26'),(78,1,1,61,0,'2019-11-26 17:04:47'),(79,3,1,61,0,'2019-11-26 17:04:47'),(80,4,1,61,0,'2019-11-26 17:04:47'),(81,2,1,61,0,'2019-11-26 17:04:47'),(82,10,1,61,0,'2019-11-26 17:04:47'),(83,12,1,61,0,'2019-11-26 17:04:47'),(84,3,1,69,0,'2019-11-26 17:05:22'),(85,11,1,69,0,'2019-11-26 17:05:22'),(86,15,1,69,0,'2019-11-26 17:05:22'),(87,1,1,69,0,'2019-11-26 17:05:22'),(88,4,1,69,0,'2019-11-26 17:05:22'),(89,1,1,31,0,'2019-11-26 17:11:49'),(90,14,1,31,0,'2019-11-26 17:11:49'),(91,11,1,31,0,'2019-11-26 17:11:49'),(92,4,1,31,0,'2019-11-26 17:11:49'),(93,4,1,42,0,'2019-11-29 01:04:07'),(94,1,1,42,0,'2019-11-29 01:04:07');

/*Table structure for table `cliente` */

DROP TABLE IF EXISTS `cliente`;

CREATE TABLE `cliente` (
  `id` int(11) NOT NULL AUTO_INCREMENT,
  `nombre` longtext,
  `apellido` longtext,
  `tipoDoc_id` int(11) NOT NULL,
  PRIMARY KEY (`id`),
  KEY `IX_tipoDoc_id` (`tipoDoc_id` DESC) USING BTREE,
  KEY `FK_Cliente_TipoDocumento_tipoDoc_id` (`tipoDoc_id`),
  CONSTRAINT `FK_Cliente_TipoDocumento_tipoDoc_id` FOREIGN KEY (`tipoDoc_id`) REFERENCES `tipodocumento` (`id`)
) ENGINE=InnoDB DEFAULT CHARSET=utf8mb4 COLLATE=utf8mb4_0900_ai_ci;

/*Data for the table `cliente` */

/*Table structure for table `contacto` */

DROP TABLE IF EXISTS `contacto`;

CREATE TABLE `contacto` (
  `id` int(11) NOT NULL AUTO_INCREMENT,
  `nombre` longtext,
  `apellido` longtext,
  `telefono` longtext,
  `celular` longtext,
  `email` longtext,
  `relacion` longtext,
  PRIMARY KEY (`id`)
) ENGINE=InnoDB AUTO_INCREMENT=13 DEFAULT CHARSET=utf8mb4 COLLATE=utf8mb4_0900_ai_ci;

/*Data for the table `contacto` */

insert  into `contacto`(`id`,`nombre`,`apellido`,`telefono`,`celular`,`email`,`relacion`) values (1,'juan','jose','3432324324','242143134','juan@juan.com','Hermano/a'),(2,'Javier','Jimenez','3543604130','','','Hijo/a'),(3,'Agua Sacha','JIMENEZ','03543604130','','','Madre'),(4,'Agua Sacha','JIMENEZ','03543604130','','','Madre'),(5,'Maria','Antonieta','23423423','','','Pareja'),(6,'JOse','Gomez','3232232323','','','Hermano/a'),(7,'JOse','Gomez','3232232323','','','Hermano/a'),(8,'Agua Sachan8744','Jimenez','03543604130','','','Nieto/a'),(9,'Agua Sacha 8744','Matias','03543403668','','','Hijo/a'),(10,'Susana','Perez','3543605212','','','Hijo/a'),(11,'Amelia','Santa','351403423','','','Hermano/a'),(12,'JAvier','Jimenez','3423423','','','Hijo/a');

/*Table structure for table `cuotas` */

DROP TABLE IF EXISTS `cuotas`;

CREATE TABLE `cuotas` (
  `id` int(11) NOT NULL AUTO_INCREMENT,
  `nombre` longtext,
  `monto` decimal(18,2) NOT NULL,
  `Evento_id` int(11) DEFAULT NULL,
  PRIMARY KEY (`id`),
  KEY `IX_Evento_id` (`Evento_id` DESC) USING BTREE,
  KEY `FK_Cuotas_Evento_Evento_id` (`Evento_id`),
  CONSTRAINT `FK_Cuotas_Evento_Evento_id` FOREIGN KEY (`Evento_id`) REFERENCES `evento` (`id`)
) ENGINE=InnoDB AUTO_INCREMENT=36 DEFAULT CHARSET=utf8mb4 COLLATE=utf8mb4_0900_ai_ci;

/*Data for the table `cuotas` */

insert  into `cuotas`(`id`,`nombre`,`monto`,`Evento_id`) values (2,'Cuota 1',400.00,1),(3,'Cuota 2',400.00,1),(4,'Cuota 3',400.00,1),(5,'Cuota 1',325.00,2),(6,'Cuota 2',325.00,2),(7,'Cuota 3',325.00,2),(8,'Cuota 4',325.00,2),(9,'Cuota 1',600.00,3),(10,'Cuota 2',600.00,3),(11,'Cuota 3',600.00,3),(12,'Cuota 1',500.00,5),(13,'Cuota 2',500.00,5),(14,'Cuota 3',500.00,5),(15,'Cuota 1',1000.00,6),(16,'Cuota 2',1000.00,6),(17,'Cuota 1',500.00,8),(18,'Cuota 2',500.00,8),(19,'Cuota 3',500.00,8),(20,'Cuota 1',500.00,9),(21,'Cuota 2',500.00,9),(22,'Cuota 3',500.00,9),(23,'Cuota 4',500.00,9),(24,'Cuota 1',1000.00,10),(25,'Cuota 2',1000.00,10),(26,'Cuota 3',1000.00,10),(27,'Cuota 1',1000.00,11),(28,'Cuota 2',1000.00,11),(29,'Cuota 1',1000.00,12),(30,'Cuota 2',1000.00,12),(31,'Cuota 3',1000.00,12),(32,'Cuota 1',2500.00,13),(33,'Cuota 2',2500.00,13),(34,'Cuota 1',900.00,14),(35,'Cuota 2',900.00,14);

/*Table structure for table `detalleevento` */

DROP TABLE IF EXISTS `detalleevento`;

CREATE TABLE `detalleevento` (
  `id` int(11) NOT NULL AUTO_INCREMENT,
  `nombre` longtext,
  `descripcion` longtext,
  `idEncargado` int(11) NOT NULL,
  `idEvento` int(11) NOT NULL,
  `idEspacio` int(11) NOT NULL,
  `fechaDesde` datetime NOT NULL,
  `fechaHasta` datetime NOT NULL,
  `fechaBaja` datetime DEFAULT NULL,
  `estado` longtext,
  `dia` longtext,
  `asistencia` tinyint(1) NOT NULL,
  PRIMARY KEY (`id`),
  KEY `IX_idEncargado` (`idEncargado` DESC) USING BTREE,
  KEY `IX_idEvento` (`idEvento` DESC) USING BTREE,
  KEY `IX_idEspacio` (`idEspacio` DESC) USING BTREE,
  KEY `FK_DetalleEvento_EspacioComun_idEspacio` (`idEspacio`),
  KEY `FK_DetalleEvento_Evento_idEvento` (`idEvento`),
  KEY `FK_DetalleEvento_Encargado_idEncargado` (`idEncargado`),
  CONSTRAINT `FK_DetalleEvento_Encargado_idEncargado` FOREIGN KEY (`idEncargado`) REFERENCES `encargado` (`id`),
  CONSTRAINT `FK_DetalleEvento_EspacioComun_idEspacio` FOREIGN KEY (`idEspacio`) REFERENCES `espaciocomun` (`id`),
  CONSTRAINT `FK_DetalleEvento_Evento_idEvento` FOREIGN KEY (`idEvento`) REFERENCES `evento` (`id`)
) ENGINE=InnoDB AUTO_INCREMENT=106 DEFAULT CHARSET=utf8mb4 COLLATE=utf8mb4_0900_ai_ci;

/*Data for the table `detalleevento` */

insert  into `detalleevento`(`id`,`nombre`,`descripcion`,`idEncargado`,`idEvento`,`idEspacio`,`fechaDesde`,`fechaHasta`,`fechaBaja`,`estado`,`dia`,`asistencia`) values (1,'Taller de costura','Taller donde se aprenderán distintas técnicas de costura',1,1,1,'2019-10-14 10:00:00','2019-10-14 12:00:00',NULL,'Nuevo','Lunes',1),(2,'Taller de costura','Taller donde se aprenderán distintas técnicas de costura',1,1,1,'2019-10-16 12:00:00','2019-10-16 14:00:00',NULL,'Nuevo','Miercoles',1),(3,'Taller de costura','Taller donde se aprenderán distintas técnicas de costura',1,1,1,'2019-10-21 10:00:00','2019-10-21 12:00:00',NULL,'Nuevo','Lunes',1),(4,'Taller de costura','Taller donde se aprenderán distintas técnicas de costura',1,1,1,'2019-10-23 12:00:00','2019-10-23 14:00:00',NULL,'Nuevo','Miercoles',1),(5,'Taller de costura','Taller donde se aprenderán distintas técnicas de costura',1,1,1,'2019-10-28 10:00:00','2019-10-28 12:00:00',NULL,'Nuevo','Lunes',1),(6,'Taller de costura','Taller donde se aprenderán distintas técnicas de costura',1,1,1,'2019-10-30 12:00:00','2019-10-30 14:00:00',NULL,'Nuevo','Miercoles',1),(7,'Taller de costura','Taller donde se aprenderán distintas técnicas de costura',1,1,1,'2019-11-04 10:00:00','2019-11-04 12:00:00',NULL,'Nuevo','Lunes',1),(8,'Taller de costura','Taller donde se aprenderán distintas técnicas de costura',1,1,1,'2019-11-06 12:00:00','2019-11-06 14:00:00',NULL,'Nuevo','Miercoles',1),(9,'Taller pintura sobre oleo','Se enseña a pintar con diferentes tecnicas sobre tela en oleo.',1,2,1,'2019-10-17 14:00:00','2019-10-17 16:00:00',NULL,'Nuevo','Jueves',1),(10,'Taller pintura sobre oleo','Se enseña a pintar con diferentes tecnicas sobre tela en oleo.',1,2,1,'2019-10-21 14:00:00','2019-10-21 16:00:00',NULL,'Nuevo','Lunes',1),(11,'Taller pintura sobre oleo','Se enseña a pintar con diferentes tecnicas sobre tela en oleo.',1,2,1,'2019-10-24 14:00:00','2019-10-24 16:00:00',NULL,'Nuevo','Jueves',1),(12,'Taller pintura sobre oleo','Se enseña a pintar con diferentes tecnicas sobre tela en oleo.',1,2,1,'2019-10-28 14:00:00','2019-10-28 16:00:00',NULL,'Nuevo','Lunes',1),(13,'Curso Office Word','Se dictara un curso para aprender a usar el Word',3,3,1,'2019-10-22 16:00:00','2019-10-22 18:00:00',NULL,'Nuevo','Martes',1),(14,'Curso Office Word','Se dictara un curso para aprender a usar el Word',3,3,1,'2019-10-25 16:00:00','2019-10-25 18:00:00',NULL,'Nuevo','Viernes',1),(15,'Curso Office Word','Se dictara un curso para aprender a usar el Word',3,3,1,'2019-10-29 16:00:00','2019-10-29 18:00:00',NULL,'Nuevo','Martes',1),(16,'Curso Office Word','Se dictara un curso para aprender a usar el Word',3,3,1,'2019-11-01 16:00:00','2019-11-01 18:00:00',NULL,'Nuevo','Viernes',1),(17,'Curso Office Word','Se dictara un curso para aprender a usar el Word',3,3,1,'2019-11-05 16:00:00','2019-11-05 18:00:00',NULL,'Nuevo','Martes',1),(18,'Curso Office Word','Se dictara un curso para aprender a usar el Word',3,3,1,'2019-11-08 16:00:00','2019-11-08 18:00:00',NULL,'Nuevo','Viernes',1),(19,'Curso Office Word','Se dictara un curso para aprender a usar el Word',3,3,1,'2019-11-12 16:00:00','2019-11-12 18:00:00',NULL,'Nuevo','Martes',1),(20,'Curso Office Word','Se dictara un curso para aprender a usar el Word',3,3,1,'2019-11-15 16:00:00','2019-11-15 18:00:00',NULL,'Nuevo','Viernes',1),(21,'Curso Office Word','Se dictara un curso para aprender a usar el Word',3,3,1,'2019-11-19 16:00:00','2019-11-19 18:00:00',NULL,'Nuevo','Martes',0),(22,'Curso Office Word','Se dictara un curso para aprender a usar el Word',3,3,1,'2019-11-22 16:00:00','2019-11-22 18:00:00',NULL,'Nuevo','Viernes',0),(23,'Curso Office Word','Se dictara un curso para aprender a usar el Word',3,3,1,'2019-11-26 16:00:00','2019-11-26 18:00:00',NULL,'Nuevo','Martes',0),(24,'Campaña Vacunación ','Campaña para vacunar a menores de edad',3,4,1,'2019-10-21 20:00:00','2019-10-21 22:00:00',NULL,'Nuevo','Lunes',0),(25,'Baile de salsa','Aprender a bailar salsa.',1,5,2,'2019-11-01 19:00:00','2019-11-01 20:00:00',NULL,'Nuevo','Viernes',1),(26,'Baile de salsa','Aprender a bailar salsa.',1,5,2,'2019-11-04 19:00:00','2019-11-04 21:00:00',NULL,'Nuevo','Lunes',1),(27,'Baile de salsa','Aprender a bailar salsa.',1,5,2,'2019-11-08 19:00:00','2019-11-08 20:00:00',NULL,'Nuevo','Viernes',1),(28,'Baile de salsa','Aprender a bailar salsa.',1,5,2,'2019-11-11 19:00:00','2019-11-11 21:00:00',NULL,'Nuevo','Lunes',1),(29,'Baile de salsa','Aprender a bailar salsa.',1,5,2,'2019-11-15 19:00:00','2019-11-15 20:00:00',NULL,'Nuevo','Viernes',1),(30,'Baile de salsa','Aprender a bailar salsa.',1,5,2,'2019-11-18 19:00:00','2019-11-18 21:00:00',NULL,'Nuevo','Lunes',1),(31,'Baile de salsa','Aprender a bailar salsa.',1,5,2,'2019-11-22 19:00:00','2019-11-22 20:00:00',NULL,'Nuevo','Viernes',1),(32,'Baile de salsa','Aprender a bailar salsa.',1,5,2,'2019-11-25 19:00:00','2019-11-25 21:00:00',NULL,'Nuevo','Lunes',0),(33,'Baile de salsa','Aprender a bailar salsa.',1,5,2,'2019-11-29 19:00:00','2019-11-29 20:00:00',NULL,'Nuevo','Viernes',0),(34,'Baile de salsa','Aprender a bailar salsa.',1,5,2,'2019-12-02 19:00:00','2019-12-02 21:00:00',NULL,'Nuevo','Lunes',0),(35,'Baile de salsa','Aprender a bailar salsa.',1,5,2,'2019-12-06 19:00:00','2019-12-06 20:00:00',NULL,'Nuevo','Viernes',0),(36,'Baile de salsa','Aprender a bailar salsa.',1,5,2,'2019-12-09 19:00:00','2019-12-09 21:00:00',NULL,'Nuevo','Lunes',0),(37,'Baile de salsa','Aprender a bailar salsa.',1,5,2,'2019-12-13 19:00:00','2019-12-13 20:00:00',NULL,'Nuevo','Viernes',0),(38,'Baile de salsa','Aprender a bailar salsa.',1,5,2,'2019-12-16 19:00:00','2019-12-16 21:00:00',NULL,'Nuevo','Lunes',0),(39,'Yoga ','Aprenderemos a relajarnos haciendo yoga.',1,6,2,'2019-11-06 15:00:00','2019-11-06 17:00:00',NULL,'Nuevo','Miercoles',1),(40,'Yoga ','Aprenderemos a relajarnos haciendo yoga.',1,6,2,'2019-11-12 14:00:00','2019-11-12 16:00:00',NULL,'Nuevo','Martes',1),(41,'Yoga ','Aprenderemos a relajarnos haciendo yoga.',1,6,2,'2019-11-13 15:00:00','2019-11-13 17:00:00',NULL,'Nuevo','Miercoles',1),(42,'Yoga ','Aprenderemos a relajarnos haciendo yoga.',1,6,2,'2019-11-19 14:00:00','2019-11-19 16:00:00',NULL,'Nuevo','Martes',1),(43,'Yoga ','Aprenderemos a relajarnos haciendo yoga.',1,6,2,'2019-11-20 15:00:00','2019-11-20 17:00:00',NULL,'Nuevo','Miercoles',0),(44,'Yoga ','Aprenderemos a relajarnos haciendo yoga.',1,6,2,'2019-11-26 14:00:00','2019-11-26 16:00:00',NULL,'Nuevo','Martes',0),(45,'Yoga ','Aprenderemos a relajarnos haciendo yoga.',1,6,2,'2019-11-27 15:00:00','2019-11-27 17:00:00',NULL,'Nuevo','Miercoles',0),(46,'Yoga ','Aprenderemos a relajarnos haciendo yoga.',1,6,2,'2019-12-03 14:00:00','2019-12-03 16:00:00',NULL,'Nuevo','Martes',0),(47,'Yoga ','Aprenderemos a relajarnos haciendo yoga.',1,6,2,'2019-12-04 15:00:00','2019-12-04 17:00:00',NULL,'Nuevo','Miercoles',0),(48,'Yoga ','Aprenderemos a relajarnos haciendo yoga.',1,6,2,'2019-12-10 14:00:00','2019-12-10 16:00:00',NULL,'Nuevo','Martes',0),(49,'Yoga ','Aprenderemos a relajarnos haciendo yoga.',1,6,2,'2019-12-11 15:00:00','2019-12-11 17:00:00',NULL,'Nuevo','Miercoles',0),(50,'Yoga ','Aprenderemos a relajarnos haciendo yoga.',1,6,2,'2019-12-17 14:00:00','2019-12-17 16:00:00',NULL,'Nuevo','Martes',0),(51,'Yoga ','Aprenderemos a relajarnos haciendo yoga.',1,6,2,'2019-12-18 15:00:00','2019-12-18 17:00:00',NULL,'Nuevo','Miercoles',0),(52,'Seminario Fertilidad','Se hablara sobre la fertilidad y se derribaran mitos.',3,7,3,'2019-10-28 09:00:00','2019-10-28 12:00:00',NULL,'Nuevo','Lunes',0),(53,'Taller de prueba','Es un taller de prueba',1,8,2,'2019-11-04 14:00:00','2019-11-04 16:00:00','2019-11-02 23:23:45','Nuevo','Lunes',0),(54,'Taller de prueba','Es un taller de prueba',1,8,2,'2019-11-06 16:00:00','2019-11-06 18:00:00','2019-11-02 23:23:45','Nuevo','Miercoles',0),(55,'Taller de prueba','Es un taller de prueba',1,8,2,'2019-11-11 14:00:00','2019-11-11 16:00:00','2019-11-02 23:23:45','Nuevo','Lunes',0),(56,'Taller de prueba','Es un taller de prueba',1,8,2,'2019-11-13 16:00:00','2019-11-13 18:00:00','2019-11-02 23:23:45','Nuevo','Miercoles',0),(57,'Taller de prueba','Es un taller de prueba',1,8,2,'2019-11-18 14:00:00','2019-11-18 16:00:00','2019-11-02 23:23:45','Nuevo','Lunes',0),(58,'Taller de prueba','Es un taller de prueba',1,8,2,'2019-11-20 16:00:00','2019-11-20 18:00:00','2019-11-02 23:23:45','Nuevo','Miercoles',0),(59,'Curso de meditación','Aprenderemos distintas técnicas para meditar',1,9,2,'2019-11-11 10:00:00','2019-11-11 12:00:00',NULL,'Nuevo','Lunes',1),(60,'Curso de meditación','Aprenderemos distintas técnicas para meditar',1,9,2,'2019-11-11 14:00:00','2019-11-11 16:00:00',NULL,'Nuevo','Lunes',1),(61,'Curso de meditación','Aprenderemos distintas técnicas para meditar',1,9,2,'2019-11-18 10:00:00','2019-11-18 12:00:00',NULL,'Nuevo','Lunes',1),(62,'Curso de meditación','Aprenderemos distintas técnicas para meditar',1,9,2,'2019-11-18 14:00:00','2019-11-18 16:00:00',NULL,'Nuevo','Lunes',0),(63,'Curso de meditación','Aprenderemos distintas técnicas para meditar',1,9,2,'2019-11-25 10:00:00','2019-11-25 12:00:00',NULL,'Nuevo','Lunes',0),(64,'Curso de meditación','Aprenderemos distintas técnicas para meditar',1,9,2,'2019-11-25 14:00:00','2019-11-25 16:00:00',NULL,'Nuevo','Lunes',0),(65,'Curso de meditación','Aprenderemos distintas técnicas para meditar',1,9,2,'2019-12-02 10:00:00','2019-12-02 12:00:00',NULL,'Nuevo','Lunes',0),(66,'Curso de meditación','Aprenderemos distintas técnicas para meditar',1,9,2,'2019-12-02 14:00:00','2019-12-02 16:00:00',NULL,'Nuevo','Lunes',0),(67,'Curso de meditación','Aprenderemos distintas técnicas para meditar',1,9,2,'2019-12-09 10:00:00','2019-12-09 12:00:00',NULL,'Nuevo','Lunes',0),(68,'Curso de meditación','Aprenderemos distintas técnicas para meditar',1,9,2,'2019-12-09 14:00:00','2019-12-09 16:00:00',NULL,'Nuevo','Lunes',0),(69,'Curso excel avanzado','Se aprenderán funciones avanzadas de excel',1,10,2,'2019-11-21 16:00:00','2019-11-21 20:00:00',NULL,'Nuevo','Jueves',1),(70,'Curso excel avanzado','Se aprenderán funciones avanzadas de excel',1,10,2,'2019-11-28 16:00:00','2019-11-28 20:00:00',NULL,'Nuevo','Jueves',0),(71,'Curso excel avanzado','Se aprenderán funciones avanzadas de excel',1,10,2,'2019-12-05 16:00:00','2019-12-05 20:00:00',NULL,'Nuevo','Jueves',0),(72,'Curso excel avanzado','Se aprenderán funciones avanzadas de excel',1,10,2,'2019-12-12 16:00:00','2019-12-12 20:00:00',NULL,'Nuevo','Jueves',0),(73,'Curso excel avanzado','Se aprenderán funciones avanzadas de excel',1,10,2,'2019-12-19 16:00:00','2019-12-19 20:00:00',NULL,'Nuevo','Jueves',0),(74,'CORTE Y CONFECCION','Es un taller para aprender a realizar corte y confeccion',3,11,5,'2019-11-15 19:00:00','2019-11-15 21:00:00',NULL,'Nuevo','Viernes',0),(75,'CORTE Y CONFECCION','Es un taller para aprender a realizar corte y confeccion',3,11,5,'2019-11-18 19:00:00','2019-11-18 21:00:00',NULL,'Nuevo','Lunes',0),(76,'CORTE Y CONFECCION','Es un taller para aprender a realizar corte y confeccion',3,11,5,'2019-11-22 19:00:00','2019-11-22 21:00:00',NULL,'Nuevo','Viernes',0),(77,'CORTE Y CONFECCION','Es un taller para aprender a realizar corte y confeccion',3,11,5,'2019-11-25 19:00:00','2019-11-25 21:00:00',NULL,'Nuevo','Lunes',0),(78,'CORTE Y CONFECCION','Es un taller para aprender a realizar corte y confeccion',3,11,5,'2019-11-29 19:00:00','2019-11-29 21:00:00',NULL,'Nuevo','Viernes',0),(79,'CORTE Y CONFECCION','Es un taller para aprender a realizar corte y confeccion',3,11,5,'2019-12-02 19:00:00','2019-12-02 21:00:00',NULL,'Nuevo','Lunes',0),(80,'CORTE Y CONFECCION','Es un taller para aprender a realizar corte y confeccion',3,11,5,'2019-12-06 19:00:00','2019-12-06 21:00:00',NULL,'Nuevo','Viernes',0),(81,'CORTE Y CONFECCION','Es un taller para aprender a realizar corte y confeccion',3,11,5,'2019-12-09 19:00:00','2019-12-09 21:00:00',NULL,'Nuevo','Lunes',0),(82,'CORTE Y CONFECCION','Es un taller para aprender a realizar corte y confeccion',3,11,5,'2019-12-13 19:00:00','2019-12-13 21:00:00',NULL,'Nuevo','Viernes',0),(83,'CORTE Y CONFECCION','Es un taller para aprender a realizar corte y confeccion',3,11,5,'2019-12-16 19:00:00','2019-12-16 21:00:00',NULL,'Nuevo','Lunes',0),(84,'GUITARRA Y CANTO','Se aprenderá a tocar la guitarra y acompañar con el canto',2,12,6,'2019-11-28 20:00:00','2019-11-28 22:00:00',NULL,'Nuevo','Jueves',0),(85,'GUITARRA Y CANTO','Se aprenderá a tocar la guitarra y acompañar con el canto',2,12,6,'2019-12-03 20:00:00','2019-12-03 22:00:00',NULL,'Nuevo','Martes',0),(86,'GUITARRA Y CANTO','Se aprenderá a tocar la guitarra y acompañar con el canto',2,12,6,'2019-12-05 20:00:00','2019-12-05 22:00:00',NULL,'Nuevo','Jueves',0),(87,'GUITARRA Y CANTO','Se aprenderá a tocar la guitarra y acompañar con el canto',2,12,6,'2019-12-10 20:00:00','2019-12-10 22:00:00',NULL,'Nuevo','Martes',0),(88,'GUITARRA Y CANTO','Se aprenderá a tocar la guitarra y acompañar con el canto',2,12,6,'2019-12-12 20:00:00','2019-12-12 22:00:00',NULL,'Nuevo','Jueves',0),(89,'GUITARRA Y CANTO','Se aprenderá a tocar la guitarra y acompañar con el canto',2,12,6,'2019-12-17 20:00:00','2019-12-17 22:00:00',NULL,'Nuevo','Martes',0),(90,'GUITARRA Y CANTO','Se aprenderá a tocar la guitarra y acompañar con el canto',2,12,6,'2019-12-19 20:00:00','2019-12-19 22:00:00',NULL,'Nuevo','Jueves',0),(91,'GUITARRA Y CANTO','Se aprenderá a tocar la guitarra y acompañar con el canto',2,12,6,'2019-12-24 20:00:00','2019-12-24 22:00:00',NULL,'Nuevo','Martes',0),(92,'GUITARRA Y CANTO','Se aprenderá a tocar la guitarra y acompañar con el canto',2,12,6,'2019-12-26 20:00:00','2019-12-26 22:00:00',NULL,'Nuevo','Jueves',0),(93,'SECRETARIADO Y RECEPCIÓN','Se formara al alumno para que cuentes con las habilidades correspondientes',2,13,6,'2019-11-26 09:00:00','2019-11-26 12:00:00',NULL,'Nuevo','Martes',0),(94,'SECRETARIADO Y RECEPCIÓN','Se formara al alumno para que cuentes con las habilidades correspondientes',2,13,6,'2019-11-30 09:00:00','2019-11-30 12:00:00',NULL,'Nuevo','Sabado',0),(95,'SECRETARIADO Y RECEPCIÓN','Se formara al alumno para que cuentes con las habilidades correspondientes',2,13,6,'2019-12-03 09:00:00','2019-12-03 12:00:00',NULL,'Nuevo','Martes',0),(96,'SECRETARIADO Y RECEPCIÓN','Se formara al alumno para que cuentes con las habilidades correspondientes',2,13,6,'2019-12-07 09:00:00','2019-12-07 12:00:00',NULL,'Nuevo','Sabado',0),(97,'SECRETARIADO Y RECEPCIÓN','Se formara al alumno para que cuentes con las habilidades correspondientes',2,13,6,'2019-12-10 09:00:00','2019-12-10 12:00:00',NULL,'Nuevo','Martes',0),(98,'SECRETARIADO Y RECEPCIÓN','Se formara al alumno para que cuentes con las habilidades correspondientes',2,13,6,'2019-12-14 09:00:00','2019-12-14 12:00:00',NULL,'Nuevo','Sabado',0),(99,'SECRETARIADO Y RECEPCIÓN','Se formara al alumno para que cuentes con las habilidades correspondientes',2,13,6,'2019-12-17 09:00:00','2019-12-17 12:00:00',NULL,'Nuevo','Martes',0),(100,'SECRETARIADO Y RECEPCIÓN','Se formara al alumno para que cuentes con las habilidades correspondientes',2,13,6,'2019-12-21 09:00:00','2019-12-21 12:00:00',NULL,'Nuevo','Sabado',0),(101,'SECRETARIADO Y RECEPCIÓN','Se formara al alumno para que cuentes con las habilidades correspondientes',2,13,6,'2019-12-24 09:00:00','2019-12-24 12:00:00',NULL,'Nuevo','Martes',0),(102,'CORTINERIA Y DECORACION','Es un taller que nos permite aprender de cortinas y su decoración',3,14,6,'2019-12-09 19:00:00','2019-12-09 21:00:00',NULL,'Nuevo','Lunes',0),(103,'CORTINERIA Y DECORACION','Es un taller que nos permite aprender de cortinas y su decoración',3,14,6,'2019-12-11 19:00:00','2019-12-11 21:00:00',NULL,'Nuevo','Miercoles',0),(104,'CORTINERIA Y DECORACION','Es un taller que nos permite aprender de cortinas y su decoración',3,14,6,'2019-12-16 19:00:00','2019-12-16 21:00:00',NULL,'Nuevo','Lunes',0),(105,'CORTINERIA Y DECORACION','Es un taller que nos permite aprender de cortinas y su decoración',3,14,6,'2019-12-18 19:00:00','2019-12-18 21:00:00',NULL,'Nuevo','Miercoles',0);

/*Table structure for table `domicilio` */

DROP TABLE IF EXISTS `domicilio`;

CREATE TABLE `domicilio` (
  `id` int(11) NOT NULL AUTO_INCREMENT,
  `barrio` longtext,
  `calle` longtext,
  `piso` longtext,
  `nro` longtext,
  `codPostal` int(11) NOT NULL,
  `depto` longtext,
  PRIMARY KEY (`id`)
) ENGINE=InnoDB AUTO_INCREMENT=14 DEFAULT CHARSET=utf8mb4 COLLATE=utf8mb4_0900_ai_ci;

/*Data for the table `domicilio` */

insert  into `domicilio`(`id`,`barrio`,`calle`,`piso`,`nro`,`codPostal`,`depto`) values (1,'Alberdi','Juan del campillo','1','50',5000,'A'),(2,'La Floresta','bernis','1','3567',5008,'1'),(3,'Alta Cordoba','Agua Sacha 8744- Pta Baja- Dto \"A\" -Barrio Villa Rivera Indarte- Córdoba, capital (domicilio de contacto)','1','8744',5018,'Cordoba'),(4,'Alta Cordoba','Agua Sacha','1','500',5000,'A'),(5,'Alta Cordoba','Agua Sacha','1','500',5000,'A'),(6,'Ayacucho','Agua Sacha','1','50',5000,'A'),(7,'Alta Cordoba','Agua Sacha','1','550',5000,'A'),(8,'Alta Cordoba','Agua Sacha','1','550',5000,'A'),(9,'Jardín','Agua Sacha','','323',5000,''),(10,'La Floresta','Agua Sacha','1','550',5000,'a'),(11,'Juniors','Agua Sacha','1','1',5000,'1'),(12,'La France','Agua Sacha 8744- Pta Baja- Dto \"A\" -Barrio Villa Rivera Indarte- Córdoba, capital (domicilio de contacto)','','550',5018,''),(13,'Chateau Carreras','Agua Sacha','1','8744',5000,'1');

/*Table structure for table `encargado` */

DROP TABLE IF EXISTS `encargado`;

CREATE TABLE `encargado` (
  `id` int(11) NOT NULL AUTO_INCREMENT,
  `nombre` longtext,
  `apellido` longtext,
  `telefono` longtext,
  `celular` longtext,
  `email` longtext,
  `idTipoDoc` int(11) NOT NULL,
  `nroDocumento` longtext,
  `idDomicilio` int(11) NOT NULL,
  `fechaCreacion` datetime NOT NULL,
  `fechaBaja` datetime DEFAULT NULL,
  `estado` longtext,
  `Tag_id` int(11) DEFAULT NULL,
  PRIMARY KEY (`id`),
  KEY `IX_idTipoDoc` (`idTipoDoc` DESC) USING BTREE,
  KEY `IX_idDomicilio` (`idDomicilio` DESC) USING BTREE,
  KEY `FK_Encargado_Domicilio_idDomicilio` (`idDomicilio`),
  KEY `FK_Encargado_TipoDocumento_idTipoDoc` (`idTipoDoc`),
  KEY `IX_Tag_id` (`Tag_id` DESC) USING BTREE,
  KEY `FK_Encargado_Tags_Tag_id` (`Tag_id`),
  CONSTRAINT `FK_Encargado_Domicilio_idDomicilio` FOREIGN KEY (`idDomicilio`) REFERENCES `domicilio` (`id`),
  CONSTRAINT `FK_Encargado_Tags_Tag_id` FOREIGN KEY (`Tag_id`) REFERENCES `tags` (`id`),
  CONSTRAINT `FK_Encargado_TipoDocumento_idTipoDoc` FOREIGN KEY (`idTipoDoc`) REFERENCES `tipodocumento` (`id`)
) ENGINE=InnoDB AUTO_INCREMENT=4 DEFAULT CHARSET=utf8mb4 COLLATE=utf8mb4_0900_ai_ci;

/*Data for the table `encargado` */

insert  into `encargado`(`id`,`nombre`,`apellido`,`telefono`,`celular`,`email`,`idTipoDoc`,`nroDocumento`,`idDomicilio`,`fechaCreacion`,`fechaBaja`,`estado`,`Tag_id`) values (1,'Juan','Gutierrez','351503140','351503140','juangutierrez@gmail.com',2,'23423234',1,'0001-01-01 00:00:00',NULL,'Activo',NULL),(2,'Javier','Pietro','343242242','343242242','javierpietro@gmail.com',2,'43232323',1,'0001-01-01 00:00:00',NULL,'Activo',NULL),(3,'Emanuel Alejo','Lopez','351574576','351574576','emanuel@gmail',1,'28907654',2,'2019-08-17 20:25:33',NULL,'Activo',NULL);

/*Table structure for table `espaciocomun` */

DROP TABLE IF EXISTS `espaciocomun`;

CREATE TABLE `espaciocomun` (
  `id` int(11) NOT NULL AUTO_INCREMENT,
  `nombre` longtext,
  `descripcion` longtext,
  `capacidad` int(11) NOT NULL,
  `idTipoEspacio` int(11) NOT NULL,
  `estado` int(11) NOT NULL,
  `fechaCreacion` datetime NOT NULL,
  `fechaBaja` datetime DEFAULT NULL,
  `fechaModificacion` datetime DEFAULT NULL,
  PRIMARY KEY (`id`),
  KEY `IX_idTipoEspacio` (`idTipoEspacio` DESC) USING BTREE,
  KEY `FK_EspacioComun_TipoEspacio_idTipoEspacio` (`idTipoEspacio`),
  CONSTRAINT `FK_EspacioComun_TipoEspacio_idTipoEspacio` FOREIGN KEY (`idTipoEspacio`) REFERENCES `tipoespacio` (`id`)
) ENGINE=InnoDB AUTO_INCREMENT=7 DEFAULT CHARSET=utf8mb4 COLLATE=utf8mb4_0900_ai_ci;

/*Data for the table `espaciocomun` */

insert  into `espaciocomun`(`id`,`nombre`,`descripcion`,`capacidad`,`idTipoEspacio`,`estado`,`fechaCreacion`,`fechaBaja`,`fechaModificacion`) values (1,'Aula 205','Aula con buen espacio y equipamiento.',20,1,0,'2019-10-06 15:41:24',NULL,NULL),(2,'Aula 207','Aula Mayormente equipada para las expresiones artísticas',15,1,0,'2019-10-18 02:22:32',NULL,NULL),(3,'SUM','Espacio al aire libre',200,4,0,'2019-10-18 02:23:09',NULL,NULL),(4,'Aula computacion','Es un aula destinada para el uso de PCs',18,1,0,'2019-11-11 03:02:20',NULL,NULL),(5,'Aula espacio libre','Es un aula con gran espacio libre',30,1,0,'2019-11-11 03:04:00',NULL,NULL),(6,'Aula 209','Aula',20,1,0,'2019-11-11 03:04:43',NULL,NULL);

/*Table structure for table `evento` */

DROP TABLE IF EXISTS `evento`;

CREATE TABLE `evento` (
  `id` int(11) NOT NULL AUTO_INCREMENT,
  `nombre` longtext,
  `descripcion` longtext,
  `idTipoEvento` int(11) NOT NULL,
  `idEspacio` int(11) NOT NULL,
  `idEncargado` int(11) NOT NULL,
  `cupoMinimo` int(11) NOT NULL,
  `cupoMaximo` int(11) NOT NULL,
  `gratuito` tinyint(1) NOT NULL,
  `monto` float NOT NULL,
  `cantidadCuota` int(11) NOT NULL,
  `fechaDesde` datetime NOT NULL,
  `fechaHasta` datetime NOT NULL,
  `fechaDesdeInscripcion` datetime NOT NULL,
  `fechaHastaInscripcion` datetime NOT NULL,
  `estado` longtext,
  `fechaCreacion` datetime NOT NULL,
  `fechaBaja` datetime DEFAULT NULL,
  `estadoDeudores` longtext,
  PRIMARY KEY (`id`),
  KEY `IX_idTipoEvento` (`idTipoEvento` DESC) USING BTREE,
  KEY `IX_idEspacio` (`idEspacio` DESC) USING BTREE,
  KEY `IX_idEncargado` (`idEncargado` DESC) USING BTREE,
  KEY `FK_Evento_EspacioComun_idEspacio` (`idEspacio`),
  KEY `FK_Evento_Encargado_idEncargado` (`idEncargado`),
  KEY `FK_Evento_TipoEvento_idTipoEvento` (`idTipoEvento`),
  CONSTRAINT `FK_Evento_Encargado_idEncargado` FOREIGN KEY (`idEncargado`) REFERENCES `encargado` (`id`),
  CONSTRAINT `FK_Evento_EspacioComun_idEspacio` FOREIGN KEY (`idEspacio`) REFERENCES `espaciocomun` (`id`),
  CONSTRAINT `FK_Evento_TipoEvento_idTipoEvento` FOREIGN KEY (`idTipoEvento`) REFERENCES `tipoevento` (`id`)
) ENGINE=InnoDB AUTO_INCREMENT=15 DEFAULT CHARSET=utf8mb4 COLLATE=utf8mb4_0900_ai_ci;

/*Data for the table `evento` */

insert  into `evento`(`id`,`nombre`,`descripcion`,`idTipoEvento`,`idEspacio`,`idEncargado`,`cupoMinimo`,`cupoMaximo`,`gratuito`,`monto`,`cantidadCuota`,`fechaDesde`,`fechaHasta`,`fechaDesdeInscripcion`,`fechaHastaInscripcion`,`estado`,`fechaCreacion`,`fechaBaja`,`estadoDeudores`) values (1,'Taller de costura','Taller donde se aprenderán distintas técnicas de costura',2,1,1,5,20,0,1200,3,'2019-10-11 00:00:00','2019-11-07 00:00:00','2019-10-06 00:00:00','2019-10-10 00:00:00','Finalizado','2019-10-06 15:45:22',NULL,'PAGO'),(2,'Taller pintura sobre oleo','Se enseña a pintar con diferentes tecnicas sobre tela en oleo.',2,1,1,5,20,0,1300,4,'2019-10-15 00:00:00','2019-10-30 00:00:00','2019-10-13 00:00:00','2019-10-18 00:00:00','Finalizado','2019-10-13 23:53:46',NULL,'PAGO'),(3,'Curso Office Word','Se dictara un curso para aprender a usar el Word',1,1,3,5,20,0,1800,3,'2019-10-22 00:00:00','2019-11-28 00:00:00','2019-10-16 00:00:00','2019-10-23 00:00:00','Finalizado','2019-10-16 23:48:49',NULL,'PAGO'),(4,'Campaña Vacunación ','Campaña para vacunar a menores de edad',4,1,3,5,20,1,0,0,'2019-10-21 00:00:00','2019-10-21 00:00:00','2019-10-18 00:00:00','2019-10-20 00:00:00','Finalizado','2019-10-18 01:56:56',NULL,'ADEUDADO'),(5,'Baile de salsa','Aprender a bailar salsa.',6,2,1,5,15,0,1500,3,'2019-10-30 00:00:00','2019-12-18 00:00:00','2019-10-28 00:00:00','2019-11-05 00:00:00','Progreso','2019-10-27 16:26:33',NULL,'ADEUDADO'),(6,'Yoga ','Aprenderemos a relajarnos haciendo yoga.',2,2,1,4,14,0,2000,2,'2019-11-06 00:00:00','2019-12-23 00:00:00','2019-10-27 00:00:00','2019-11-05 00:00:00','Progreso','2019-10-27 16:35:47',NULL,'ADEUDADO'),(7,'Seminario Fertilidad','Se hablara sobre la fertilidad y se derribaran mitos.',3,3,3,5,25,1,0,0,'2019-10-28 00:00:00','2019-10-28 00:00:00','2019-10-27 00:00:00','2019-10-28 00:00:00','Finalizado','2019-10-27 18:01:03',NULL,'ADEUDADO'),(8,'Taller de prueba','Es un taller de prueba',2,2,1,5,15,0,1500,3,'2019-10-31 00:00:00','2019-11-20 00:00:00','2019-10-28 00:00:00','2019-10-31 00:00:00','Cancelado','2019-10-28 19:32:47','2019-11-02 23:31:37','ADEUDADO'),(9,'Curso de meditación','Aprenderemos distintas técnicas para meditar',1,2,1,5,10,0,2000,4,'2019-11-08 00:00:00','2019-12-13 00:00:00','2019-11-03 00:00:00','2019-11-12 00:00:00','Progreso','2019-11-03 15:08:52',NULL,'ADEUDADO'),(10,'Curso excel avanzado','Se aprenderán funciones avanzadas de excel',1,2,1,5,15,0,3000,3,'2019-11-21 00:00:00','2019-12-20 00:00:00','2019-11-08 00:00:00','2019-11-20 00:00:00','Progreso','2019-11-08 20:14:47',NULL,'ADEUDADO'),(11,'CORTE Y CONFECCION','Es un taller para aprender a realizar corte y confeccion',2,5,3,5,25,0,2000,2,'2019-11-13 00:00:00','2019-12-16 00:00:00','2019-11-11 00:00:00','2019-11-19 00:00:00','Progreso','2019-11-11 03:10:38',NULL,'ADEUDADO'),(12,'GUITARRA Y CANTO','Se aprenderá a tocar la guitarra y acompañar con el canto',2,6,2,5,20,0,3000,3,'2019-11-28 00:00:00','2019-12-26 00:00:00','2019-11-14 00:00:00','2019-11-27 00:00:00','Progreso','2019-11-14 16:00:44',NULL,'ADEUDADO'),(13,'SECRETARIADO Y RECEPCIÓN','Se formara al alumno para que cuentes con las habilidades correspondientes',1,6,2,5,20,0,5000,2,'2019-11-25 00:00:00','2019-12-24 00:00:00','2019-11-15 00:00:00','2019-11-22 00:00:00','Progreso','2019-11-15 03:17:16',NULL,'ADEUDADO'),(14,'CORTINERIA Y DECORACION','Es un taller que nos permite aprender de cortinas y su decoración',2,6,3,5,15,0,1800,2,'2019-12-09 00:00:00','2019-12-20 00:00:00','2019-11-29 00:00:00','2019-12-05 00:00:00','Nuevo','2019-11-29 00:16:42',NULL,'ADEUDADO');

/*Table structure for table `horarios` */

DROP TABLE IF EXISTS `horarios`;

CREATE TABLE `horarios` (
  `id` int(11) NOT NULL AUTO_INCREMENT,
  `dia` longtext,
  `dayOfWeek` int(11) NOT NULL,
  `horaDesde` longtext,
  `horaHasta` longtext,
  `Evento_id` int(11) DEFAULT NULL,
  PRIMARY KEY (`id`),
  KEY `IX_Evento_id` (`Evento_id` DESC) USING BTREE,
  KEY `FK_Horarios_Evento_Evento_id` (`Evento_id`),
  CONSTRAINT `FK_Horarios_Evento_Evento_id` FOREIGN KEY (`Evento_id`) REFERENCES `evento` (`id`)
) ENGINE=InnoDB AUTO_INCREMENT=26 DEFAULT CHARSET=utf8mb4 COLLATE=utf8mb4_0900_ai_ci;

/*Data for the table `horarios` */

insert  into `horarios`(`id`,`dia`,`dayOfWeek`,`horaDesde`,`horaHasta`,`Evento_id`) values (1,'Lunes',1,'10:00','12:00',1),(2,'Miercoles',3,'12:00','14:00',1),(3,'Lunes',1,'14:00','16:00',2),(4,'Jueves',4,'14:00','16:00',2),(5,'Viernes',5,'16:00','18:00',3),(6,'Martes',2,'16:00','18:00',3),(7,'Lunes',1,'20:00','22:00',4),(8,'Lunes',1,'19:00','21:00',5),(9,'Viernes',5,'19:00','20:00',5),(10,'Martes',2,'14:00','16:00',6),(11,'Miercoles',3,'15:00','17:00',6),(12,'Lunes',1,'09:00','12:00',7),(13,'Lunes',1,'14:00','16:00',8),(14,'Miercoles',3,'16:00','18:00',8),(15,'Lunes',1,'10:00','12:00',9),(16,'Lunes',1,'14:00','16:00',9),(17,'Jueves',4,'16:00','20:00',10),(18,'Lunes',1,'19:00','21:00',11),(19,'Viernes',5,'19:00','21:00',11),(20,'Martes',2,'20:00','22:00',12),(21,'Jueves',4,'20:00','22:00',12),(22,'Martes',2,'09:00','12:00',13),(23,'Sabado',6,'09:00','12:00',13),(24,'Lunes',1,'19:00','21:00',14),(25,'Miercoles',3,'19:00','21:00',14);

/*Table structure for table `inscripcion` */

DROP TABLE IF EXISTS `inscripcion`;

CREATE TABLE `inscripcion` (
  `id` int(11) NOT NULL AUTO_INCREMENT,
  `idEvento` int(11) NOT NULL,
  `idSocio` int(11) NOT NULL,
  `fechaCreacion` datetime NOT NULL,
  `fechaBaja` datetime DEFAULT NULL,
  `estado` longtext,
  `estadoEncuesta` tinyint(1) NOT NULL,
  PRIMARY KEY (`id`),
  KEY `IX_idEvento` (`idEvento` DESC) USING BTREE,
  KEY `IX_idSocio` (`idSocio` DESC) USING BTREE,
  KEY `FK_Inscripcion_Evento_idEvento` (`idEvento`),
  KEY `FK_Inscripcion_Socio_idSocio` (`idSocio`),
  CONSTRAINT `FK_Inscripcion_Evento_idEvento` FOREIGN KEY (`idEvento`) REFERENCES `evento` (`id`),
  CONSTRAINT `FK_Inscripcion_Socio_idSocio` FOREIGN KEY (`idSocio`) REFERENCES `socio` (`id`)
) ENGINE=InnoDB AUTO_INCREMENT=74 DEFAULT CHARSET=utf8mb4 COLLATE=utf8mb4_0900_ai_ci;

/*Data for the table `inscripcion` */

insert  into `inscripcion`(`id`,`idEvento`,`idSocio`,`fechaCreacion`,`fechaBaja`,`estado`,`estadoEncuesta`) values (5,1,1,'2019-10-06 16:05:03',NULL,'PAGADO',0),(6,1,2,'2019-10-07 00:26:18',NULL,'PAGADO',1),(7,1,3,'2019-10-07 00:26:46',NULL,'PAGADO',0),(8,1,10,'2019-10-07 00:26:46',NULL,'PAGADO',0),(14,2,11,'2019-10-13 23:54:58',NULL,'PAGADO',0),(15,2,4,'2019-10-13 23:54:58',NULL,'PAGADO',0),(16,2,1,'2019-10-13 23:54:58',NULL,'PAGADO',0),(17,4,2,'2019-10-18 02:25:15',NULL,'ADEUDADO',1),(18,3,2,'2019-10-18 02:45:16',NULL,'PAGADO',1),(19,7,1,'2019-10-27 18:01:46',NULL,'ADEUDADO',0),(20,7,2,'2019-10-27 18:01:46',NULL,'ADEUDADO',0),(21,7,4,'2019-10-27 18:01:46',NULL,'ADEUDADO',0),(22,7,3,'2019-10-27 18:01:46',NULL,'ADEUDADO',0),(23,5,2,'2019-10-27 20:49:57','2019-11-03 14:24:47','PAGADO',0),(24,5,1,'2019-10-28 17:56:55',NULL,'PAGADO',0),(25,8,2,'2019-10-28 19:33:41',NULL,'PAGADO',0),(26,8,1,'2019-10-28 19:33:41',NULL,'PAGADO',0),(27,8,11,'2019-10-28 19:33:41',NULL,'ADEUDADO',0),(28,5,14,'2019-10-30 02:43:23',NULL,'ADEUDADO',0),(29,5,4,'2019-11-03 02:30:00',NULL,'PAGADO',0),(30,5,11,'2019-11-03 02:30:00',NULL,'ADEUDADO',0),(31,6,2,'2019-11-03 14:19:34','2019-11-03 14:21:28','ADEUDADO',0),(32,6,4,'2019-11-03 14:19:34',NULL,'PAGADO',0),(33,6,1,'2019-11-03 14:19:34',NULL,'PAGADO',0),(34,6,11,'2019-11-03 14:21:08',NULL,'ADEUDADO',0),(35,9,1,'2019-11-06 21:57:27',NULL,'PAGADO',0),(36,9,3,'2019-11-06 21:57:27',NULL,'ADEUDADO',0),(37,9,15,'2019-11-06 21:57:27','2019-11-06 22:51:33','ADEUDADO',0),(38,9,12,'2019-11-06 21:57:27',NULL,'ADEUDADO',0),(39,9,10,'2019-11-06 21:57:28',NULL,'ADEUDADO',0),(40,9,2,'2019-11-06 21:57:28',NULL,'PAGADO',0),(41,9,4,'2019-11-06 21:57:28',NULL,'ADEUDADO',0),(42,10,3,'2019-11-10 22:06:37',NULL,'ADEUDADO',0),(43,10,11,'2019-11-10 22:06:39',NULL,'ADEUDADO',0),(44,10,15,'2019-11-10 22:06:40',NULL,'PAGADO',0),(45,10,1,'2019-11-10 22:06:41',NULL,'ADEUDADO',0),(46,10,4,'2019-11-10 22:06:41',NULL,'ADEUDADO',0),(47,11,2,'2019-11-13 00:34:54',NULL,'PAGADO',0),(48,11,10,'2019-11-13 00:34:54',NULL,'ADEUDADO',0),(49,11,4,'2019-11-13 00:34:54',NULL,'ADEUDADO',0),(50,11,15,'2019-11-13 00:34:54',NULL,'ADEUDADO',0),(51,11,1,'2019-11-13 00:34:54',NULL,'ADEUDADO',0),(52,12,4,'2019-11-15 03:13:11',NULL,'ADEUDADO',0),(53,12,13,'2019-11-15 03:13:11',NULL,'ADEUDADO',0),(54,12,1,'2019-11-15 03:13:11',NULL,'ADEUDADO',0),(55,12,2,'2019-11-15 03:13:11',NULL,'ADEUDADO',0),(56,12,11,'2019-11-15 03:13:11',NULL,'ADEUDADO',0),(57,13,3,'2019-11-17 19:26:35',NULL,'ADEUDADO',0),(58,13,11,'2019-11-17 19:26:35',NULL,'ADEUDADO',0),(59,13,2,'2019-11-17 19:26:35',NULL,'ADEUDADO',0),(60,13,12,'2019-11-17 19:26:35',NULL,'ADEUDADO',0),(61,13,15,'2019-11-17 19:26:36',NULL,'ADEUDADO',0),(62,13,1,'2019-11-17 19:26:36',NULL,'ADEUDADO',0),(63,12,14,'2019-11-26 02:48:10',NULL,'ADEUDADO',0),(64,12,12,'2019-11-26 03:13:57',NULL,'ADEUDADO',0),(65,12,15,'2019-11-26 03:15:34',NULL,'ADEUDADO',0),(66,14,2,'2019-11-29 00:22:33',NULL,'ADEUDADO',0),(67,14,1,'2019-11-29 00:22:33',NULL,'ADEUDADO',0),(68,14,14,'2019-11-29 00:38:43',NULL,'ADEUDADO',0),(69,14,3,'2019-11-29 00:38:43',NULL,'ADEUDADO',0),(70,14,15,'2019-11-29 00:38:55',NULL,'ADEUDADO',0),(71,14,22,'2019-11-29 00:48:24',NULL,'PAGADO',0),(72,14,10,'2019-11-29 14:04:59',NULL,'ADEUDADO',0),(73,14,12,'2019-11-29 14:04:59',NULL,'ADEUDADO',0);

/*Table structure for table `matricula` */

DROP TABLE IF EXISTS `matricula`;

CREATE TABLE `matricula` (
  `id` int(11) NOT NULL AUTO_INCREMENT,
  `anio` datetime NOT NULL,
  `valor` int(11) NOT NULL,
  `fechaVencimiento` datetime NOT NULL,
  `estado` longtext,
  PRIMARY KEY (`id`)
) ENGINE=InnoDB AUTO_INCREMENT=6 DEFAULT CHARSET=utf8mb4 COLLATE=utf8mb4_0900_ai_ci;

/*Data for the table `matricula` */

insert  into `matricula`(`id`,`anio`,`valor`,`fechaVencimiento`,`estado`) values (3,'2019-08-08 04:27:48',1200,'2019-12-31 00:00:00','Activa');

/*Table structure for table `matriculaxsocios` */

DROP TABLE IF EXISTS `matriculaxsocios`;

CREATE TABLE `matriculaxsocios` (
  `id` int(11) NOT NULL AUTO_INCREMENT,
  `idSocio` int(11) NOT NULL,
  `idMatricula` int(11) NOT NULL,
  `fechaPago` datetime NOT NULL,
  `pago` decimal(18,2) NOT NULL,
  PRIMARY KEY (`id`),
  KEY `IX_idSocio` (`idSocio` DESC) USING BTREE,
  KEY `IX_idMatricula` (`idMatricula` DESC) USING BTREE,
  KEY `FK_MatriculaXSocios_Matricula_idMatricula` (`idMatricula`),
  KEY `FK_MatriculaXSocios_Socio_idSocio` (`idSocio`),
  CONSTRAINT `FK_MatriculaXSocios_Matricula_idMatricula` FOREIGN KEY (`idMatricula`) REFERENCES `matricula` (`id`),
  CONSTRAINT `FK_MatriculaXSocios_Socio_idSocio` FOREIGN KEY (`idSocio`) REFERENCES `socio` (`id`)
) ENGINE=InnoDB AUTO_INCREMENT=14 DEFAULT CHARSET=utf8mb4 COLLATE=utf8mb4_0900_ai_ci;

/*Data for the table `matriculaxsocios` */

insert  into `matriculaxsocios`(`id`,`idSocio`,`idMatricula`,`fechaPago`,`pago`) values (1,2,3,'2019-09-17 01:01:47',1200.00),(2,3,3,'2019-09-17 01:02:19',1200.00),(3,12,3,'2019-10-27 18:02:57',1200.00),(4,13,3,'2019-10-27 21:10:41',1200.00),(5,11,3,'2019-10-28 19:38:21',1200.00),(6,14,3,'2019-11-01 18:34:29',1200.00),(7,15,3,'2019-11-06 23:08:32',1200.00),(8,16,3,'2019-11-06 23:25:21',1200.00),(9,18,3,'2019-11-07 00:32:47',1200.00),(10,10,3,'2019-11-26 03:27:00',1200.00),(11,22,3,'2019-11-29 00:10:30',1200.00),(12,21,3,'2019-11-29 00:11:26',1200.00),(13,4,3,'2019-11-30 17:49:54',1200.00);

/*Table structure for table `pago` */

DROP TABLE IF EXISTS `pago`;

CREATE TABLE `pago` (
  `id` int(11) NOT NULL AUTO_INCREMENT,
  `nombre` longtext,
  `monto` float NOT NULL,
  `nroRecibo` int(11) NOT NULL,
  `idInscripcion` int(11) NOT NULL,
  `fechaCobro` datetime NOT NULL,
  `fechaBaja` datetime NOT NULL,
  `estaPagado` tinyint(1) NOT NULL,
  `idCuota` int(11) NOT NULL,
  `metodoPago` longtext,
  PRIMARY KEY (`id`),
  KEY `IX_idInscripcion` (`idInscripcion` DESC) USING BTREE,
  KEY `IX_idCuota` (`idCuota` DESC) USING BTREE,
  KEY `FK_Pago_Cuotas_idCuota` (`idCuota`),
  KEY `FK_Pago_Inscripcion_idInscripcion` (`idInscripcion`),
  CONSTRAINT `FK_Pago_Cuotas_idCuota` FOREIGN KEY (`idCuota`) REFERENCES `cuotas` (`id`),
  CONSTRAINT `FK_Pago_Inscripcion_idInscripcion` FOREIGN KEY (`idInscripcion`) REFERENCES `inscripcion` (`id`)
) ENGINE=InnoDB AUTO_INCREMENT=172 DEFAULT CHARSET=utf8mb4 COLLATE=utf8mb4_0900_ai_ci;

/*Data for the table `pago` */

insert  into `pago`(`id`,`nombre`,`monto`,`nroRecibo`,`idInscripcion`,`fechaCobro`,`fechaBaja`,`estaPagado`,`idCuota`,`metodoPago`) values (5,'Cuota 1',400,0,5,'2019-10-07 00:27:11','0001-01-01 00:00:00',1,2,'Efectivo'),(6,'Cuota 2',400,0,5,'2019-10-07 00:27:27','0001-01-01 00:00:00',1,3,'Efectivo'),(7,'Cuota 3',400,0,5,'2019-10-18 02:08:43','0001-01-01 00:00:00',1,4,'Efectivo'),(8,'Cuota 1',400,10034,6,'2019-10-24 01:30:49','0001-01-01 00:00:00',1,2,'Efectivo'),(9,'Cuota 2',400,10034,6,'2019-10-24 01:32:02','0001-01-01 00:00:00',1,3,'Efectivo'),(10,'Cuota 3',400,10034,6,'2019-10-24 01:32:26','0001-01-01 00:00:00',1,4,'Efectivo'),(11,'Cuota 1',400,10066,7,'2019-11-05 02:25:01','0001-01-01 00:00:00',1,2,'Efectivo'),(12,'Cuota 2',400,10066,7,'2019-11-05 02:26:20','0001-01-01 00:00:00',1,3,'Efectivo'),(13,'Cuota 1',400,0,8,'2019-10-07 00:29:01','0001-01-01 00:00:00',1,2,'Efectivo'),(14,'Cuota 3',400,10066,7,'2019-11-06 16:28:14','0001-01-01 00:00:00',1,4,'Efectivo'),(15,'Cuota 2',400,10066,8,'2019-11-05 02:28:06','0001-01-01 00:00:00',1,3,'Efectivo'),(16,'Cuota 3',400,10066,8,'2019-11-05 03:04:58','0001-01-01 00:00:00',1,4,'Efectivo'),(20,'Cuota 1',325,10037,15,'2019-10-27 21:10:07','0001-01-01 00:00:00',1,5,'Efectivo'),(21,'Cuota 1',325,10094,14,'2019-11-08 22:51:37','0001-01-01 00:00:00',1,5,'Efectivo'),(22,'Cuota 2',325,10066,15,'2019-11-04 23:55:22','0001-01-01 00:00:00',1,6,'Efectivo'),(23,'Cuota 2',325,10094,14,'2019-11-08 22:52:40','0001-01-01 00:00:00',1,6,'Efectivo'),(24,'Cuota 3',325,10066,15,'2019-11-05 02:49:32','0001-01-01 00:00:00',1,7,'Efectivo'),(25,'Cuota 3',325,10094,14,'2019-11-08 22:52:52','0001-01-01 00:00:00',1,7,'Efectivo'),(26,'Cuota 4',325,10066,15,'2019-11-05 02:50:47','0001-01-01 00:00:00',1,8,'Efectivo'),(27,'Cuota 4',325,10094,14,'2019-11-08 22:53:49','0001-01-01 00:00:00',1,8,'Efectivo'),(28,'Cuota 1',325,10034,16,'2019-10-21 20:25:44','0001-01-01 00:00:00',1,7,'Efectivo'),(29,'Cuota 2',325,10066,16,'2019-11-05 01:57:19','0001-01-01 00:00:00',1,8,'Efectivo'),(30,'Cuota 3',325,10034,16,'2019-10-19 15:35:26','0001-01-01 00:00:00',1,5,'Efectivo'),(31,'Cuota 4',325,10066,16,'2019-11-05 01:59:37','0001-01-01 00:00:00',1,6,'Efectivo'),(32,'Cuota 1',600,10034,18,'2019-10-20 16:09:03','0001-01-01 00:00:00',1,10,'Efectivo'),(33,'Cuota 2',600,10034,18,'2019-10-20 16:09:10','0001-01-01 00:00:00',1,11,'Efectivo'),(34,'Cuota 3',600,10034,18,'2019-10-20 16:10:56','0001-01-01 00:00:00',1,9,'Efectivo'),(35,'Cuota 1',500,10040,23,'2019-10-28 17:57:46','0001-01-01 00:00:00',1,12,'Efectivo'),(36,'Cuota 2',500,10052,23,'2019-11-01 01:31:44','0001-01-01 00:00:00',1,13,'Efectivo'),(37,'Cuota 3',500,10052,23,'2019-11-01 01:26:19','0001-01-01 00:00:00',1,14,'Efectivo'),(38,'Cuota 1',500,10066,24,'2019-11-05 02:03:51','0001-01-01 00:00:00',1,12,'Efectivo'),(39,'Cuota 2',500,10066,24,'2019-11-05 02:08:30','0001-01-01 00:00:00',1,13,'Efectivo'),(40,'Cuota 3',500,10066,24,'2019-11-05 02:17:17','0001-01-01 00:00:00',1,14,'Efectivo'),(41,'Cuota 1',500,10049,25,'2019-10-28 19:34:35','0001-01-01 00:00:00',1,17,'Efectivo'),(42,'Cuota 2',500,10049,25,'2019-10-28 19:36:55','0001-01-01 00:00:00',1,18,'Efectivo'),(43,'Cuota 1',500,10066,26,'2019-11-05 00:40:08','0001-01-01 00:00:00',1,17,'Efectivo'),(44,'Cuota 3',500,10066,25,'2019-11-04 19:48:09','0001-01-01 00:00:00',1,19,'Efectivo'),(45,'Cuota 2',500,10066,26,'2019-11-05 02:18:43','0001-01-01 00:00:00',1,18,'Efectivo'),(46,'Cuota 3',500,10066,26,'2019-11-05 02:19:40','0001-01-01 00:00:00',1,19,'Efectivo'),(47,'Cuota 1',500,0,27,'0001-01-01 00:00:00','0001-01-01 00:00:00',0,19,'Efectivo'),(48,'Cuota 2',500,0,27,'0001-01-01 00:00:00','0001-01-01 00:00:00',0,17,'Efectivo'),(49,'Cuota 3',500,0,27,'0001-01-01 00:00:00','0001-01-01 00:00:00',0,18,'Efectivo'),(50,'Cuota 1',500,0,28,'0001-01-01 00:00:00','0001-01-01 00:00:00',0,14,'Efectivo'),(51,'Cuota 2',500,0,28,'0001-01-01 00:00:00','0001-01-01 00:00:00',0,12,'Efectivo'),(52,'Cuota 3',500,0,28,'0001-01-01 00:00:00','0001-01-01 00:00:00',0,13,'Efectivo'),(53,'Cuota 1',500,10066,29,'2019-11-05 03:08:01','0001-01-01 00:00:00',1,12,'Efectivo'),(54,'Cuota 1',500,0,30,'0001-01-01 00:00:00','0001-01-01 00:00:00',0,12,'Efectivo'),(55,'Cuota 2',500,10066,29,'2019-11-05 03:08:13','0001-01-01 00:00:00',1,13,'Efectivo'),(56,'Cuota 2',500,0,30,'0001-01-01 00:00:00','0001-01-01 00:00:00',0,13,'Efectivo'),(57,'Cuota 3',500,10066,29,'2019-11-05 03:12:31','0001-01-01 00:00:00',1,14,'Efectivo'),(58,'Cuota 3',500,0,30,'0001-01-01 00:00:00','0001-01-01 00:00:00',0,14,'Efectivo'),(59,'Cuota 1',1000,10066,33,'2019-11-04 21:37:33','0001-01-01 00:00:00',1,15,'Efectivo'),(60,'Cuota 1',1000,0,31,'0001-01-01 00:00:00','0001-01-01 00:00:00',0,15,'Efectivo'),(61,'Cuota 1',1000,10066,32,'2019-11-06 16:07:52','0001-01-01 00:00:00',1,15,'Efectivo'),(62,'Cuota 2',1000,10066,33,'2019-11-04 21:37:21','0001-01-01 00:00:00',1,16,'Efectivo'),(63,'Cuota 2',1000,10066,32,'2019-11-06 16:15:04','0001-01-01 00:00:00',1,16,'Efectivo'),(64,'Cuota 2',1000,0,31,'0001-01-01 00:00:00','0001-01-01 00:00:00',0,16,'Efectivo'),(65,'Cuota 1',1000,0,34,'0001-01-01 00:00:00','0001-01-01 00:00:00',0,15,'Efectivo'),(66,'Cuota 2',1000,0,34,'0001-01-01 00:00:00','0001-01-01 00:00:00',0,16,'Efectivo'),(67,'Cuota 1',500,10094,35,'2019-11-10 21:50:49','0001-01-01 00:00:00',1,21,'Efectivo'),(68,'Cuota 1',500,10155,39,'2019-11-26 03:16:23','0001-01-01 00:00:00',1,21,'Efectivo'),(69,'Cuota 2',500,10094,35,'2019-11-10 21:58:01','0001-01-01 00:00:00',1,22,'Efectivo'),(70,'Cuota 2',500,0,39,'0001-01-01 00:00:00','0001-01-01 00:00:00',0,22,'Efectivo'),(71,'Cuota 3',500,10155,35,'2019-11-26 03:22:26','0001-01-01 00:00:00',1,23,'Efectivo'),(72,'Cuota 1',500,10094,37,'2019-11-06 21:58:21','0001-01-01 00:00:00',1,21,'Efectivo'),(73,'Cuota 4',500,10155,35,'2019-11-26 03:22:33','0001-01-01 00:00:00',1,20,'Efectivo'),(74,'Cuota 1',500,0,38,'0001-01-01 00:00:00','0001-01-01 00:00:00',0,21,'Efectivo'),(75,'Cuota 2',500,10094,37,'2019-11-06 22:37:13','0001-01-01 00:00:00',1,22,'Efectivo'),(76,'Cuota 3',500,0,39,'0001-01-01 00:00:00','0001-01-01 00:00:00',0,23,'Efectivo'),(77,'Cuota 3',500,0,37,'0001-01-01 00:00:00','0001-01-01 00:00:00',0,23,'Efectivo'),(78,'Cuota 1',500,0,36,'0001-01-01 00:00:00','0001-01-01 00:00:00',0,21,'Efectivo'),(79,'Cuota 4',500,0,39,'0001-01-01 00:00:00','0001-01-01 00:00:00',0,20,'Efectivo'),(80,'Cuota 2',500,0,38,'0001-01-01 00:00:00','0001-01-01 00:00:00',0,22,'Efectivo'),(81,'Cuota 4',500,0,37,'0001-01-01 00:00:00','0001-01-01 00:00:00',0,20,'Efectivo'),(82,'Cuota 3',500,0,38,'0001-01-01 00:00:00','0001-01-01 00:00:00',0,23,'Efectivo'),(83,'Cuota 2',500,0,36,'0001-01-01 00:00:00','0001-01-01 00:00:00',0,22,'Efectivo'),(84,'Cuota 4',500,0,38,'0001-01-01 00:00:00','0001-01-01 00:00:00',0,20,'Efectivo'),(85,'Cuota 3',500,0,36,'0001-01-01 00:00:00','0001-01-01 00:00:00',0,23,'Efectivo'),(86,'Cuota 4',500,0,36,'0001-01-01 00:00:00','0001-01-01 00:00:00',0,20,'Efectivo'),(87,'Cuota 1',500,10094,40,'2019-11-07 00:34:48','0001-01-01 00:00:00',1,21,'Efectivo'),(88,'Cuota 2',500,10094,40,'2019-11-07 00:39:43','0001-01-01 00:00:00',1,22,'Efectivo'),(89,'Cuota 3',500,10094,40,'2019-11-07 00:41:43','0001-01-01 00:00:00',1,23,'Efectivo'),(90,'Cuota 4',500,10094,40,'2019-11-06 23:30:12','0001-01-01 00:00:00',1,20,'Tarjeta'),(91,'Cuota 1',500,0,41,'0001-01-01 00:00:00','0001-01-01 00:00:00',0,20,'Efectivo'),(92,'Cuota 2',500,0,41,'0001-01-01 00:00:00','0001-01-01 00:00:00',0,21,'Efectivo'),(93,'Cuota 3',500,0,41,'0001-01-01 00:00:00','0001-01-01 00:00:00',0,22,'Efectivo'),(94,'Cuota 4',500,0,41,'0001-01-01 00:00:00','0001-01-01 00:00:00',0,23,'Efectivo'),(95,'Cuota 1',1000,0,42,'0001-01-01 00:00:00','0001-01-01 00:00:00',0,24,'Efectivo'),(96,'Cuota 2',1000,0,42,'0001-01-01 00:00:00','0001-01-01 00:00:00',0,25,'Efectivo'),(97,'Cuota 3',1000,0,42,'0001-01-01 00:00:00','0001-01-01 00:00:00',0,26,'Efectivo'),(98,'Cuota 1',1000,0,43,'0001-01-01 00:00:00','0001-01-01 00:00:00',0,24,'Efectivo'),(99,'Cuota 2',1000,0,43,'0001-01-01 00:00:00','0001-01-01 00:00:00',0,25,'Efectivo'),(100,'Cuota 3',1000,0,43,'0001-01-01 00:00:00','0001-01-01 00:00:00',0,26,'Efectivo'),(101,'Cuota 1',1000,10119,44,'2019-11-13 02:15:02','0001-01-01 00:00:00',1,24,'Efectivo'),(102,'Cuota 2',1000,10119,44,'2019-11-13 02:15:09','0001-01-01 00:00:00',1,25,'Efectivo'),(103,'Cuota 3',1000,10146,44,'2019-11-17 19:27:28','0001-01-01 00:00:00',1,26,'Efectivo'),(104,'Cuota 1',1000,0,45,'0001-01-01 00:00:00','0001-01-01 00:00:00',0,26,'Efectivo'),(105,'Cuota 2',1000,0,45,'0001-01-01 00:00:00','0001-01-01 00:00:00',0,24,'Efectivo'),(106,'Cuota 3',1000,0,45,'0001-01-01 00:00:00','0001-01-01 00:00:00',0,25,'Efectivo'),(107,'Cuota 1',1000,0,46,'0001-01-01 00:00:00','0001-01-01 00:00:00',0,26,'Efectivo'),(108,'Cuota 2',1000,0,46,'0001-01-01 00:00:00','0001-01-01 00:00:00',0,24,'Efectivo'),(109,'Cuota 3',1000,0,46,'0001-01-01 00:00:00','0001-01-01 00:00:00',0,25,'Efectivo'),(110,'Cuota 1',1000,10119,47,'2019-11-14 02:02:22','0001-01-01 00:00:00',1,27,'Tarjeta'),(111,'Cuota 1',1000,0,48,'0001-01-01 00:00:00','0001-01-01 00:00:00',0,27,'Efectivo'),(112,'Cuota 1',1000,0,49,'0001-01-01 00:00:00','0001-01-01 00:00:00',0,27,'Efectivo'),(113,'Cuota 2',1000,0,49,'0001-01-01 00:00:00','0001-01-01 00:00:00',0,28,'Efectivo'),(114,'Cuota 2',1000,10119,47,'2019-11-14 01:33:26','0001-01-01 00:00:00',1,28,'Tarjeta'),(115,'Cuota 2',1000,0,48,'0001-01-01 00:00:00','0001-01-01 00:00:00',0,28,'Efectivo'),(116,'Cuota 1',1000,0,50,'0001-01-01 00:00:00','0001-01-01 00:00:00',0,27,'Efectivo'),(117,'Cuota 2',1000,0,50,'0001-01-01 00:00:00','0001-01-01 00:00:00',0,28,'Efectivo'),(118,'Cuota 1',1000,0,51,'0001-01-01 00:00:00','0001-01-01 00:00:00',0,27,'Efectivo'),(119,'Cuota 2',1000,0,51,'0001-01-01 00:00:00','0001-01-01 00:00:00',0,28,'Efectivo'),(120,'Cuota 1',1000,0,53,'0001-01-01 00:00:00','0001-01-01 00:00:00',0,31,'Efectivo'),(121,'Cuota 1',1000,0,52,'0001-01-01 00:00:00','0001-01-01 00:00:00',0,31,'Efectivo'),(122,'Cuota 2',1000,0,53,'0001-01-01 00:00:00','0001-01-01 00:00:00',0,29,'Efectivo'),(123,'Cuota 2',1000,0,52,'0001-01-01 00:00:00','0001-01-01 00:00:00',0,29,'Efectivo'),(124,'Cuota 3',1000,0,53,'0001-01-01 00:00:00','0001-01-01 00:00:00',0,30,'Efectivo'),(125,'Cuota 3',1000,0,52,'0001-01-01 00:00:00','0001-01-01 00:00:00',0,30,'Efectivo'),(126,'Cuota 1',1000,0,54,'0001-01-01 00:00:00','0001-01-01 00:00:00',0,29,'Efectivo'),(127,'Cuota 2',1000,0,54,'0001-01-01 00:00:00','0001-01-01 00:00:00',0,30,'Efectivo'),(128,'Cuota 1',1000,0,55,'0001-01-01 00:00:00','0001-01-01 00:00:00',0,29,'Efectivo'),(129,'Cuota 3',1000,0,54,'0001-01-01 00:00:00','0001-01-01 00:00:00',0,31,'Efectivo'),(130,'Cuota 2',1000,0,55,'0001-01-01 00:00:00','0001-01-01 00:00:00',0,30,'Efectivo'),(131,'Cuota 3',1000,10167,55,'2019-11-29 01:01:29','0001-01-01 00:00:00',1,31,'Tarjeta'),(132,'Cuota 1',1000,0,56,'0001-01-01 00:00:00','0001-01-01 00:00:00',0,29,'Efectivo'),(133,'Cuota 2',1000,0,56,'0001-01-01 00:00:00','0001-01-01 00:00:00',0,30,'Efectivo'),(134,'Cuota 3',1000,0,56,'0001-01-01 00:00:00','0001-01-01 00:00:00',0,31,'Efectivo'),(135,'Cuota 1',2500,0,57,'0001-01-01 00:00:00','0001-01-01 00:00:00',0,32,'Efectivo'),(136,'Cuota 2',2500,0,57,'0001-01-01 00:00:00','0001-01-01 00:00:00',0,33,'Efectivo'),(137,'Cuota 1',2500,0,59,'0001-01-01 00:00:00','0001-01-01 00:00:00',0,32,'Efectivo'),(138,'Cuota 2',2500,0,59,'0001-01-01 00:00:00','0001-01-01 00:00:00',0,33,'Efectivo'),(139,'Cuota 1',2500,0,58,'0001-01-01 00:00:00','0001-01-01 00:00:00',0,32,'Efectivo'),(140,'Cuota 2',2500,0,58,'0001-01-01 00:00:00','0001-01-01 00:00:00',0,33,'Efectivo'),(141,'Cuota 1',2500,0,60,'0001-01-01 00:00:00','0001-01-01 00:00:00',0,32,'Efectivo'),(142,'Cuota 2',2500,0,60,'0001-01-01 00:00:00','0001-01-01 00:00:00',0,33,'Efectivo'),(143,'Cuota 1',2500,0,62,'0001-01-01 00:00:00','0001-01-01 00:00:00',0,32,'Efectivo'),(144,'Cuota 1',2500,0,61,'0001-01-01 00:00:00','0001-01-01 00:00:00',0,32,'Efectivo'),(145,'Cuota 2',2500,0,62,'0001-01-01 00:00:00','0001-01-01 00:00:00',0,33,'Efectivo'),(146,'Cuota 2',2500,0,61,'0001-01-01 00:00:00','0001-01-01 00:00:00',0,33,'Efectivo'),(147,'Cuota 1',1000,0,63,'0001-01-01 00:00:00','0001-01-01 00:00:00',0,29,'Efectivo'),(148,'Cuota 2',1000,0,63,'0001-01-01 00:00:00','0001-01-01 00:00:00',0,30,'Efectivo'),(149,'Cuota 3',1000,0,63,'0001-01-01 00:00:00','0001-01-01 00:00:00',0,31,'Efectivo'),(150,'Cuota 1',1000,0,64,'0001-01-01 00:00:00','0001-01-01 00:00:00',0,31,'Efectivo'),(151,'Cuota 2',1000,0,64,'0001-01-01 00:00:00','0001-01-01 00:00:00',0,29,'Efectivo'),(152,'Cuota 3',1000,0,64,'0001-01-01 00:00:00','0001-01-01 00:00:00',0,30,'Efectivo'),(153,'Cuota 1',1000,0,65,'0001-01-01 00:00:00','0001-01-01 00:00:00',0,29,'Efectivo'),(154,'Cuota 2',1000,0,65,'0001-01-01 00:00:00','0001-01-01 00:00:00',0,30,'Efectivo'),(155,'Cuota 3',1000,0,65,'0001-01-01 00:00:00','0001-01-01 00:00:00',0,31,'Efectivo'),(156,'Cuota 1',900,0,66,'0001-01-01 00:00:00','0001-01-01 00:00:00',0,34,'Efectivo'),(157,'Cuota 1',900,0,67,'0001-01-01 00:00:00','0001-01-01 00:00:00',0,34,'Efectivo'),(158,'Cuota 2',900,0,66,'0001-01-01 00:00:00','0001-01-01 00:00:00',0,35,'Efectivo'),(159,'Cuota 2',900,0,67,'0001-01-01 00:00:00','0001-01-01 00:00:00',0,35,'Efectivo'),(160,'Cuota 1',900,0,68,'0001-01-01 00:00:00','0001-01-01 00:00:00',0,34,'Efectivo'),(161,'Cuota 2',900,0,68,'0001-01-01 00:00:00','0001-01-01 00:00:00',0,35,'Efectivo'),(162,'Cuota 1',900,0,69,'0001-01-01 00:00:00','0001-01-01 00:00:00',0,34,'Efectivo'),(163,'Cuota 2',900,0,69,'0001-01-01 00:00:00','0001-01-01 00:00:00',0,35,'Efectivo'),(164,'Cuota 1',900,0,70,'0001-01-01 00:00:00','0001-01-01 00:00:00',0,34,'Efectivo'),(165,'Cuota 2',900,0,70,'0001-01-01 00:00:00','0001-01-01 00:00:00',0,35,'Efectivo'),(166,'Cuota 1',900,10167,71,'2019-11-29 00:49:07','0001-01-01 00:00:00',1,34,'Efectivo'),(167,'Cuota 2',900,10167,71,'2019-11-29 00:49:40','0001-01-01 00:00:00',1,35,'Efectivo'),(168,'Cuota 1',900,0,73,'0001-01-01 00:00:00','0001-01-01 00:00:00',0,34,'Efectivo'),(169,'Cuota 1',900,0,72,'0001-01-01 00:00:00','0001-01-01 00:00:00',0,34,'Efectivo'),(170,'Cuota 2',900,0,72,'0001-01-01 00:00:00','0001-01-01 00:00:00',0,35,'Efectivo'),(171,'Cuota 2',900,0,73,'0001-01-01 00:00:00','0001-01-01 00:00:00',0,35,'Efectivo');

/*Table structure for table `ratingevento` */

DROP TABLE IF EXISTS `ratingevento`;

CREATE TABLE `ratingevento` (
  `id` int(11) NOT NULL AUTO_INCREMENT,
  `ratingEvento` int(11) NOT NULL,
  `ratingContenido` int(11) NOT NULL,
  `ratingEncargado` int(11) NOT NULL,
  `textoDescripcion` longtext,
  `idEvento` int(11) NOT NULL,
  `idSocio` int(11) NOT NULL,
  PRIMARY KEY (`id`),
  KEY `IX_idEvento` (`idEvento` DESC) USING BTREE,
  KEY `IX_idSocio` (`idSocio` DESC) USING BTREE,
  KEY `FK_RatingEvento_Evento_idEvento` (`idEvento`),
  KEY `FK_RatingEvento_Socio_idSocio` (`idSocio`),
  CONSTRAINT `FK_RatingEvento_Evento_idEvento` FOREIGN KEY (`idEvento`) REFERENCES `evento` (`id`),
  CONSTRAINT `FK_RatingEvento_Socio_idSocio` FOREIGN KEY (`idSocio`) REFERENCES `socio` (`id`)
) ENGINE=InnoDB AUTO_INCREMENT=10 DEFAULT CHARSET=utf8mb4 COLLATE=utf8mb4_0900_ai_ci;

/*Data for the table `ratingevento` */

insert  into `ratingevento`(`id`,`ratingEvento`,`ratingContenido`,`ratingEncargado`,`textoDescripcion`,`idEvento`,`idSocio`) values (2,3,2,4,'',4,2),(3,4,4,4,'',7,2),(4,4,3,4,'',4,2),(5,2,4,3,'',1,2),(6,5,4,4,'Buen Curso',2,1),(7,3,3,4,'Buen Curso',2,4),(8,3,4,3,'Buen Curso',2,11),(9,4,3,4,'',3,2);

/*Table structure for table `recordatorios` */

DROP TABLE IF EXISTS `recordatorios`;

CREATE TABLE `recordatorios` (
  `id` int(11) NOT NULL AUTO_INCREMENT,
  `titulo` longtext,
  `descripcion` longtext,
  `fechaRecordatorio` datetime NOT NULL,
  PRIMARY KEY (`id`)
) ENGINE=InnoDB AUTO_INCREMENT=6 DEFAULT CHARSET=utf8mb4 COLLATE=utf8mb4_0900_ai_ci;

/*Data for the table `recordatorios` */

insert  into `recordatorios`(`id`,`titulo`,`descripcion`,`fechaRecordatorio`) values (2,'Dejar papeles al contador','Dejar papeles afip al contador','2019-07-30 05:29:11'),(3,'Avisar profesora computacion ','Llegada de nuevos mouses','2019-08-01 00:00:00'),(4,'Contadora','dasdas','2019-08-05 22:53:29');

/*Table structure for table `secretario` */

DROP TABLE IF EXISTS `secretario`;

CREATE TABLE `secretario` (
  `id` int(11) NOT NULL AUTO_INCREMENT,
  `nombre` longtext,
  `apellido` longtext,
  `telefono` longtext,
  `celular` longtext,
  `email` longtext,
  `sexo` longtext,
  `estadoCivil` longtext,
  `idTipoDoc` int(11) NOT NULL,
  `nroDocumento` longtext,
  `fechaNacimiento` datetime DEFAULT NULL,
  `fechaCreacion` datetime NOT NULL,
  `fechaBaja` datetime DEFAULT NULL,
  `estado` longtext,
  PRIMARY KEY (`id`),
  KEY `IX_idTipoDoc` (`idTipoDoc` DESC) USING BTREE,
  KEY `FK_Secretario_TipoDocumento_idTipoDoc` (`idTipoDoc`),
  CONSTRAINT `FK_Secretario_TipoDocumento_idTipoDoc` FOREIGN KEY (`idTipoDoc`) REFERENCES `tipodocumento` (`id`)
) ENGINE=InnoDB AUTO_INCREMENT=7 DEFAULT CHARSET=utf8mb4 COLLATE=utf8mb4_0900_ai_ci;

/*Data for the table `secretario` */

insert  into `secretario`(`id`,`nombre`,`apellido`,`telefono`,`celular`,`email`,`sexo`,`estadoCivil`,`idTipoDoc`,`nroDocumento`,`fechaNacimiento`,`fechaCreacion`,`fechaBaja`,`estado`) values (1,'jose','Jimenez','2312312','231312312','nose@gmail.com','MASCULINO','SOLTERO',1,'30822222','0001-01-01 00:00:00','0001-01-01 00:00:00','2019-08-16 03:19:58','ACTIVO'),(3,'Nelida','Gonzalez','',NULL,'nelida@gmail.com','Femenino','Soltero',1,'38907867',NULL,'2019-08-17 20:19:57',NULL,'Activo'),(4,'Romina','Gutierrez','3516943547','3516943547','rominaguitierrez@gmail.com','Femenino','Soltero',1,'26545072',NULL,'2019-11-15 20:58:00',NULL,'Activo'),(5,'Graciela','Sanchez','3516393547','3516393547','gragomez@gmail.com','Femenino','Soltero',1,'28899421',NULL,'2019-11-15 21:08:14',NULL,'Activo');

/*Table structure for table `socio` */

DROP TABLE IF EXISTS `socio`;

CREATE TABLE `socio` (
  `id` int(11) NOT NULL AUTO_INCREMENT,
  `nombre` longtext,
  `apellido` longtext,
  `telefono` longtext,
  `celular` longtext,
  `email` longtext,
  `sexo` longtext,
  `estadoCivil` longtext,
  `idTipoDoc` int(11) NOT NULL,
  `nroDocumento` longtext,
  `idDomicilio` int(11) NOT NULL,
  `idContacto` int(11) NOT NULL,
  `fechaNacimiento` datetime DEFAULT NULL,
  `fechaCreacion` datetime NOT NULL,
  `fechaBaja` datetime DEFAULT NULL,
  `estado` longtext,
  PRIMARY KEY (`id`),
  KEY `IX_idTipoDoc` (`idTipoDoc` DESC) USING BTREE,
  KEY `IX_idDomicilio` (`idDomicilio` DESC) USING BTREE,
  KEY `IX_idContacto` (`idContacto` DESC) USING BTREE,
  KEY `FK_Socio_Contacto_idContacto` (`idContacto`),
  KEY `FK_Socio_Domicilio_idDomicilio` (`idDomicilio`),
  KEY `FK_Socio_TipoDocumento_idTipoDoc` (`idTipoDoc`),
  CONSTRAINT `FK_Socio_Contacto_idContacto` FOREIGN KEY (`idContacto`) REFERENCES `contacto` (`id`),
  CONSTRAINT `FK_Socio_Domicilio_idDomicilio` FOREIGN KEY (`idDomicilio`) REFERENCES `domicilio` (`id`),
  CONSTRAINT `FK_Socio_TipoDocumento_idTipoDoc` FOREIGN KEY (`idTipoDoc`) REFERENCES `tipodocumento` (`id`)
) ENGINE=InnoDB AUTO_INCREMENT=23 DEFAULT CHARSET=utf8mb4 COLLATE=utf8mb4_0900_ai_ci;

/*Data for the table `socio` */

insert  into `socio`(`id`,`nombre`,`apellido`,`telefono`,`celular`,`email`,`sexo`,`estadoCivil`,`idTipoDoc`,`nroDocumento`,`idDomicilio`,`idContacto`,`fechaNacimiento`,`fechaCreacion`,`fechaBaja`,`estado`) values (1,'JOse','Quinteros','3543604130','3543604130','juanjose@gmail.com','Masculino','Soltero',1,'32972080',1,1,'1986-03-04 00:00:00','2019-11-10 14:52:06',NULL,'Activo'),(2,'AUGUSTO','GALAN','3543604130','3543604130','juanjose@gmail.com','Masculino','Soltero',1,'32972081',1,1,'1960-11-06 00:00:00','2019-08-30 02:24:52',NULL,'Activo'),(3,'Laura','Miguez','3543604130','3543604130','laura1Miguez@gmail.com','Femenino','Casado',1,'30992080',1,1,'1950-11-06 00:00:00','2019-08-30 02:24:52',NULL,'Activo'),(4,'Maria','Del Valle','3543604132','3543604130','mariadelvalle@gmail.com','Femenino','Soltero',1,'40000001',1,1,'1976-03-04 00:00:00','2019-10-30 02:24:52',NULL,'Activo'),(10,'Jorge','galan','3543604130','3543604130','juanjose@gmail.com','Masculino','Casado',1,'40000002',1,1,'1960-03-04 00:00:00','2019-09-30 02:24:52',NULL,'Activo'),(11,'Soledad','Miguez','3543604130','3543604130','laura1Miguez@gmail.com','Femenino','Casado',1,'40000003',1,1,'1958-03-04 00:00:00','2019-09-30 02:24:52',NULL,'Activo'),(12,'Angelica','Valles','3543604132','3543604130','mariadelvalle@gmail.com','Femenino','Casado',1,'40000004',1,1,'1940-03-04 00:00:00','2019-09-30 02:24:52',NULL,'Activo'),(13,'Graciela María','Casartelli','03543403668','03543604130','gracielacasartelli946@hotmail.com','Femenino','Soltero',1,'30999888',3,2,'1950-07-03 01:12:28','2019-10-18 23:08:13',NULL,'Activo'),(14,'JAVIER','JIMENEZ','03543604130','3543604130','javierjimenez78@gmail.com','Masculino','Soltero',1,'30992080',5,4,'1946-03-04 00:00:00','2019-10-30 02:24:52',NULL,'Activo'),(15,'amelio','gutierrez','03543604130','3543604130','javierjimenez78@gmail.com','Masculino','Soltero',1,'32972080',6,5,'1987-05-14 00:00:00','2019-11-01 03:05:43',NULL,'Activo'),(16,'Julia','Agostini','03543604130','03543604130','javierjimenez78@gmail.com','Femenino','Soltero',1,'5489482',7,6,'1946-04-06 00:00:00','2019-11-06 23:10:16',NULL,'Activo'),(18,'alberto','JIMENEZ','03543604130','3543604130','javierjimenez78@gmail.com','Masculino','Soltero',1,'30999888',9,8,'1930-11-06 00:00:00','2019-11-06 23:24:46',NULL,'Activo'),(19,'JUANA','Dominguez','03543604130','3543604130','javierjimenez78@gmail.com','Femenino','Soltero',1,'5498232',10,9,'1940-05-05 00:00:00','2019-11-07 01:32:33',NULL,'DebeMatricula'),(20,'PERALTA','PERALTA','03543604130','3516393547','javierjimenez78@gmail.com','Masculino','Soltero',1,'32972080',11,10,'1954-03-05 00:00:00','2019-11-28 00:06:48',NULL,'DebeMatricula'),(21,'LUISANA','ALBERTI','03543403668','3543604130','gracielacasartelli946@hotmail.com','Femenino','Viudo',1,'23432394',12,11,'1946-10-03 00:00:00','2019-11-28 00:19:00',NULL,'Activo'),(22,'AGUSTIN','FERNANDEZ','03543604130','3543604130','javierjimenez78@gmail.com','Masculino','Casado',1,'54343434',13,12,'1946-01-03 00:00:00','2019-11-29 00:08:00',NULL,'Activo');

/*Table structure for table `sociotags` */

DROP TABLE IF EXISTS `sociotags`;

CREATE TABLE `sociotags` (
  `Socio_id` int(11) NOT NULL,
  `Tag_id` int(11) NOT NULL,
  PRIMARY KEY (`Socio_id`,`Tag_id`),
  KEY `IX_Socio_id` (`Socio_id` DESC) USING BTREE,
  KEY `IX_Tag_id` (`Tag_id` DESC) USING BTREE,
  KEY `FK_SocioTags_Tags_Tag_id` (`Tag_id`),
  CONSTRAINT `FK_SocioTags_Socio_Socio_id` FOREIGN KEY (`Socio_id`) REFERENCES `socio` (`id`) ON DELETE CASCADE ON UPDATE CASCADE,
  CONSTRAINT `FK_SocioTags_Tags_Tag_id` FOREIGN KEY (`Tag_id`) REFERENCES `tags` (`id`) ON DELETE CASCADE ON UPDATE CASCADE
) ENGINE=InnoDB DEFAULT CHARSET=utf8mb4 COLLATE=utf8mb4_0900_ai_ci;

/*Data for the table `sociotags` */

insert  into `sociotags`(`Socio_id`,`Tag_id`) values (22,5),(22,11),(22,19),(22,20),(22,21),(14,1),(14,5),(14,18),(3,2),(3,5),(3,13),(3,14),(3,15),(3,16),(2,2),(2,4),(2,5),(2,6),(2,8),(2,9),(2,10),(2,11),(2,12),(2,17),(1,1),(1,2),(1,4),(1,5),(1,6),(1,7);

/*Table structure for table `tagespaciocomuns` */

DROP TABLE IF EXISTS `tagespaciocomuns`;

CREATE TABLE `tagespaciocomuns` (
  `Tag_id` int(11) NOT NULL,
  `EspacioComun_id` int(11) NOT NULL,
  PRIMARY KEY (`Tag_id`,`EspacioComun_id`),
  KEY `IX_Tag_id` (`Tag_id` DESC) USING BTREE,
  KEY `IX_EspacioComun_id` (`EspacioComun_id` DESC) USING BTREE,
  KEY `FK_TagEspacioComuns_EspacioComun_EspacioComun_id` (`EspacioComun_id`),
  CONSTRAINT `FK_TagEspacioComuns_EspacioComun_EspacioComun_id` FOREIGN KEY (`EspacioComun_id`) REFERENCES `espaciocomun` (`id`) ON DELETE CASCADE ON UPDATE CASCADE,
  CONSTRAINT `FK_TagEspacioComuns_Tags_Tag_id` FOREIGN KEY (`Tag_id`) REFERENCES `tags` (`id`) ON DELETE CASCADE ON UPDATE CASCADE
) ENGINE=InnoDB DEFAULT CHARSET=utf8mb4 COLLATE=utf8mb4_0900_ai_ci;

/*Data for the table `tagespaciocomuns` */

/*Table structure for table `tags` */

DROP TABLE IF EXISTS `tags`;

CREATE TABLE `tags` (
  `id` int(11) NOT NULL AUTO_INCREMENT,
  `nombre` longtext,
  PRIMARY KEY (`id`)
) ENGINE=InnoDB AUTO_INCREMENT=22 DEFAULT CHARSET=utf8mb4 COLLATE=utf8mb4_0900_ai_ci;

/*Data for the table `tags` */

insert  into `tags`(`id`,`nombre`) values (1,'Sum'),(2,'aire libre'),(3,'Laboratorio'),(4,'caminar'),(5,'computacion'),(6,'android'),(7,'telefonos'),(8,'word'),(9,'pintura'),(10,'teatro'),(11,'ajedrez'),(12,'truco'),(13,'gimnasia'),(14,'telefono'),(15,'zumba'),(16,'baile'),(17,'salsa'),(18,'sa'),(19,'celular'),(20,'yoga'),(21,'pintar');

/*Table structure for table `tipodocumento` */

DROP TABLE IF EXISTS `tipodocumento`;

CREATE TABLE `tipodocumento` (
  `id` int(11) NOT NULL AUTO_INCREMENT,
  `nombre` longtext,
  PRIMARY KEY (`id`)
) ENGINE=InnoDB AUTO_INCREMENT=3 DEFAULT CHARSET=utf8mb4 COLLATE=utf8mb4_0900_ai_ci;

/*Data for the table `tipodocumento` */

insert  into `tipodocumento`(`id`,`nombre`) values (1,'DNI'),(2,'PASAPORTE');

/*Table structure for table `tipoespacio` */

DROP TABLE IF EXISTS `tipoespacio`;

CREATE TABLE `tipoespacio` (
  `id` int(11) NOT NULL AUTO_INCREMENT,
  `nombre` longtext,
  PRIMARY KEY (`id`)
) ENGINE=InnoDB AUTO_INCREMENT=6 DEFAULT CHARSET=utf8mb4 COLLATE=utf8mb4_0900_ai_ci;

/*Data for the table `tipoespacio` */

insert  into `tipoespacio`(`id`,`nombre`) values (1,'Aula'),(2,'SUM'),(3,'Patio'),(4,'Abierto'),(5,'Cerrado');

/*Table structure for table `tipoevento` */

DROP TABLE IF EXISTS `tipoevento`;

CREATE TABLE `tipoevento` (
  `id` int(11) NOT NULL AUTO_INCREMENT,
  `nombre` longtext,
  `descripcion` longtext,
  PRIMARY KEY (`id`)
) ENGINE=InnoDB AUTO_INCREMENT=9 DEFAULT CHARSET=utf8mb4 COLLATE=utf8mb4_0900_ai_ci;

/*Data for the table `tipoevento` */

insert  into `tipoevento`(`id`,`nombre`,`descripcion`) values (1,'Curso','---'),(2,'Taller','---'),(3,'Conferencia','---'),(4,'Campaña social','---'),(6,'Baile','---'),(8,'Seminario','---');

/*Table structure for table `usuario` */

DROP TABLE IF EXISTS `usuario`;

CREATE TABLE `usuario` (
  `id` int(11) NOT NULL AUTO_INCREMENT,
  `nombre` longtext,
  `usuario` longtext,
  `clave` longtext,
  `imagen` longtext,
  `rol` longtext,
  `email` longtext,
  `fechaCreacion` datetime NOT NULL,
  `fechaBaja` datetime NOT NULL,
  `token` longtext,
  `idEncargado` int(11) DEFAULT NULL,
  `idSocio` int(11) DEFAULT NULL,
  PRIMARY KEY (`id`)
) ENGINE=InnoDB AUTO_INCREMENT=17 DEFAULT CHARSET=utf8mb4 COLLATE=utf8mb4_0900_ai_ci;

/*Data for the table `usuario` */

insert  into `usuario`(`id`,`nombre`,`usuario`,`clave`,`imagen`,`rol`,`email`,`fechaCreacion`,`fechaBaja`,`token`,`idEncargado`,`idSocio`) values (1,'Augusto','admin','123456','images\\perfiles\\perfil-1.jpg','ADMIN','admin@admin.com','0001-01-01 00:00:00','0001-01-01 00:00:00','69b003c1b4d5435dab7d9e0670888591',1,2),(2,'Laura','secre','123456','images\\perfiles\\perfil-2.jpg','SECRETARIO','secretario@secretario.com','0001-01-01 00:00:00','0001-01-01 00:00:00','87bc285345794f78a61c5c985c34fa88',NULL,2),(3,'Javier','socio','123456','images\\perfiles\\perfil-3.jpg','SOCIO','socio@socio.com','0001-01-01 00:00:00','0001-01-01 00:00:00','cac7997ef2ac4a50860b28513fb864a6',NULL,2),(4,'Juan','encargado','123456','images\\perfiles\\perfil-4.jpg','ENCARGADO','encargado@encargado.com','0001-01-01 00:00:00','0001-01-01 00:00:00','f9b100bc1d1d452ea2a5db4a8785d557',1,2),(5,'DASH','dash','123456','assets/img/profile/users/augusto.png','DASH','socio@socio.com','0001-01-01 00:00:00','0001-01-01 00:00:00','43f12e739fcb49e9a5cbd0de4711be70',1,2),(6,'JAVIER','JIMENEZ227','JAVIER30992080','images\\perfiles\\perfil-6.jpg','SOCIO','javierjimenez78@gmail.com','2019-10-30 02:25:28','0001-01-01 00:00:00','f031bcd825684f6ab3223c9a1ef6dd0b',NULL,14),(7,'amelio','gutierrez613','amelio32972080','images\\perfiles\\perfil-1.jpg','SOCIO','javierjimenez78@gmail.com','2019-11-01 03:05:44','0001-01-01 00:00:00',NULL,NULL,15),(8,'Julia','Agostini891','Julia5489482','images\\perfiles\\julia.jpg','SOCIO','javierjimenez78@gmail.com','2019-11-06 23:10:16','0001-01-01 00:00:00','6bbb3a7bbfc7433faa438a2a14c0d9d7',NULL,16),(10,'alberto','JIMENEZ927','alberto30999888','images\\perfiles\\adam.jpg','SOCIO','javierjimenez78@gmail.com','2019-11-06 23:24:46','0001-01-01 00:00:00',NULL,NULL,18),(11,'JUANA','JUANA387','JUANA5498232','images\\perfiles\\julia.jpg','SOCIO','javierjimenez78@gmail.com','2019-11-07 01:32:33','0001-01-01 00:00:00',NULL,NULL,19),(13,'Emanuel','encargadoEmanuel','123456','images\\perfiles\\perfil-4.jpg','ENCARGADO','encargado@encargado.com','0001-01-01 00:00:00','0001-01-01 00:00:00','2bbd20445ed04d01b3e7df7b977e2650',3,3),(14,'PERALTA','PERALTA939','PERALTA32972080','images\\perfiles\\adam.jpg','SOCIO','javierjimenez78@gmail.com','2019-11-28 00:06:48','0001-01-01 00:00:00',NULL,NULL,20),(15,'LUISANA','ALBERTI107','LUISANA23432394','images\\perfiles\\julia.jpg','SOCIO','gracielacasartelli946@hotmail.com','2019-11-28 00:19:00','0001-01-01 00:00:00',NULL,NULL,21),(16,'AGUSTIN','FERNANDEZ950','AGUSTIN54343434','images\\perfiles\\adam.jpg','SOCIO','javierjimenez78@gmail.com','2019-11-29 00:08:00','0001-01-01 00:00:00',NULL,NULL,22);

/*!40101 SET SQL_MODE=@OLD_SQL_MODE */;
/*!40014 SET FOREIGN_KEY_CHECKS=@OLD_FOREIGN_KEY_CHECKS */;
/*!40014 SET UNIQUE_CHECKS=@OLD_UNIQUE_CHECKS */;
/*!40111 SET SQL_NOTES=@OLD_SQL_NOTES */;
