-- MySQL dump 10.13  Distrib 5.6.26, for Win64 (x86_64)
--
-- Host: localhost    Database: db_a0fb0f_renacer
-- ------------------------------------------------------
-- Server version	5.6.26-log

/*!40101 SET @OLD_CHARACTER_SET_CLIENT=@@CHARACTER_SET_CLIENT */;
/*!40101 SET @OLD_CHARACTER_SET_RESULTS=@@CHARACTER_SET_RESULTS */;
/*!40101 SET @OLD_COLLATION_CONNECTION=@@COLLATION_CONNECTION */;
/*!40101 SET NAMES utf8 */;
/*!40103 SET @OLD_TIME_ZONE=@@TIME_ZONE */;
/*!40103 SET TIME_ZONE='+00:00' */;
/*!40014 SET @OLD_UNIQUE_CHECKS=@@UNIQUE_CHECKS, UNIQUE_CHECKS=0 */;
/*!40014 SET @OLD_FOREIGN_KEY_CHECKS=@@FOREIGN_KEY_CHECKS, FOREIGN_KEY_CHECKS=0 */;
/*!40101 SET @OLD_SQL_MODE=@@SQL_MODE, SQL_MODE='NO_AUTO_VALUE_ON_ZERO' */;
/*!40111 SET @OLD_SQL_NOTES=@@SQL_NOTES, SQL_NOTES=0 */;

--
-- Table structure for table `asistencia`
--

DROP TABLE IF EXISTS `asistencia`;
/*!40101 SET @saved_cs_client     = @@character_set_client */;
/*!40101 SET character_set_client = utf8 */;
CREATE TABLE `asistencia` (
  `id` int(11) NOT NULL AUTO_INCREMENT,
  `estado` int(11) NOT NULL,
  `fechaAsistencia` datetime NOT NULL,
  `fechaCreacion` datetime NOT NULL,
  `fechaModificacion` datetime DEFAULT NULL,
  PRIMARY KEY (`id`)
) ENGINE=InnoDB AUTO_INCREMENT=516 DEFAULT CHARSET=utf8;
/*!40101 SET character_set_client = @saved_cs_client */;

--
-- Dumping data for table `asistencia`
--

LOCK TABLES `asistencia` WRITE;
/*!40000 ALTER TABLE `asistencia` DISABLE KEYS */;
INSERT INTO `asistencia` VALUES (202,0,'0001-01-01 00:00:00','0001-01-01 00:00:00',NULL),(203,0,'0001-01-01 00:00:00','0001-01-01 00:00:00',NULL),(204,0,'0001-01-01 00:00:00','0001-01-01 00:00:00',NULL),(205,0,'0001-01-01 00:00:00','0001-01-01 00:00:00',NULL),(206,0,'0001-01-01 00:00:00','0001-01-01 00:00:00',NULL),(207,0,'0001-01-01 00:00:00','0001-01-01 00:00:00',NULL),(208,0,'0001-01-01 00:00:00','0001-01-01 00:00:00',NULL),(209,0,'0001-01-01 00:00:00','0001-01-01 00:00:00',NULL),(210,0,'0001-01-01 00:00:00','0001-01-01 00:00:00',NULL),(211,0,'0001-01-01 00:00:00','0001-01-01 00:00:00',NULL),(212,0,'0001-01-01 00:00:00','0001-01-01 00:00:00',NULL),(213,0,'0001-01-01 00:00:00','0001-01-01 00:00:00',NULL),(214,0,'0001-01-01 00:00:00','0001-01-01 00:00:00',NULL),(215,0,'0001-01-01 00:00:00','0001-01-01 00:00:00',NULL),(216,0,'0001-01-01 00:00:00','0001-01-01 00:00:00',NULL),(217,0,'0001-01-01 00:00:00','0001-01-01 00:00:00',NULL),(218,0,'0001-01-01 00:00:00','0001-01-01 00:00:00',NULL),(219,0,'0001-01-01 00:00:00','0001-01-01 00:00:00',NULL),(220,0,'0001-01-01 00:00:00','0001-01-01 00:00:00',NULL),(221,0,'0001-01-01 00:00:00','0001-01-01 00:00:00',NULL),(222,0,'0001-01-01 00:00:00','0001-01-01 00:00:00',NULL),(223,0,'0001-01-01 00:00:00','0001-01-01 00:00:00',NULL),(224,0,'0001-01-01 00:00:00','0001-01-01 00:00:00',NULL),(225,0,'0001-01-01 00:00:00','0001-01-01 00:00:00',NULL),(226,0,'0001-01-01 00:00:00','0001-01-01 00:00:00',NULL),(227,0,'0001-01-01 00:00:00','0001-01-01 00:00:00',NULL),(228,0,'0001-01-01 00:00:00','0001-01-01 00:00:00',NULL),(229,0,'0001-01-01 00:00:00','0001-01-01 00:00:00',NULL),(230,0,'0001-01-01 00:00:00','0001-01-01 00:00:00',NULL),(231,0,'0001-01-01 00:00:00','0001-01-01 00:00:00',NULL),(232,0,'0001-01-01 00:00:00','0001-01-01 00:00:00',NULL),(233,0,'0001-01-01 00:00:00','0001-01-01 00:00:00',NULL),(234,0,'0001-01-01 00:00:00','0001-01-01 00:00:00',NULL),(235,0,'0001-01-01 00:00:00','0001-01-01 00:00:00',NULL),(236,0,'0001-01-01 00:00:00','0001-01-01 00:00:00',NULL),(237,0,'0001-01-01 00:00:00','0001-01-01 00:00:00',NULL),(238,0,'0001-01-01 00:00:00','0001-01-01 00:00:00',NULL),(239,0,'0001-01-01 00:00:00','0001-01-01 00:00:00',NULL),(240,0,'0001-01-01 00:00:00','0001-01-01 00:00:00',NULL),(241,0,'0001-01-01 00:00:00','0001-01-01 00:00:00',NULL),(242,0,'0001-01-01 00:00:00','0001-01-01 00:00:00',NULL),(243,0,'0001-01-01 00:00:00','0001-01-01 00:00:00',NULL),(244,0,'0001-01-01 00:00:00','0001-01-01 00:00:00',NULL),(245,0,'0001-01-01 00:00:00','0001-01-01 00:00:00',NULL),(246,0,'0001-01-01 00:00:00','0001-01-01 00:00:00',NULL),(247,0,'0001-01-01 00:00:00','0001-01-01 00:00:00',NULL),(248,0,'0001-01-01 00:00:00','0001-01-01 00:00:00',NULL),(249,0,'0001-01-01 00:00:00','0001-01-01 00:00:00',NULL),(250,0,'0001-01-01 00:00:00','0001-01-01 00:00:00',NULL),(251,0,'0001-01-01 00:00:00','0001-01-01 00:00:00',NULL),(252,0,'0001-01-01 00:00:00','0001-01-01 00:00:00',NULL),(253,0,'0001-01-01 00:00:00','0001-01-01 00:00:00',NULL),(254,0,'0001-01-01 00:00:00','0001-01-01 00:00:00',NULL),(255,0,'0001-01-01 00:00:00','0001-01-01 00:00:00',NULL),(256,0,'0001-01-01 00:00:00','0001-01-01 00:00:00',NULL),(257,0,'0001-01-01 00:00:00','0001-01-01 00:00:00',NULL),(258,0,'0001-01-01 00:00:00','0001-01-01 00:00:00',NULL),(259,0,'0001-01-01 00:00:00','0001-01-01 00:00:00',NULL),(260,0,'0001-01-01 00:00:00','0001-01-01 00:00:00',NULL),(261,0,'0001-01-01 00:00:00','0001-01-01 00:00:00',NULL),(262,0,'0001-01-01 00:00:00','0001-01-01 00:00:00',NULL),(263,0,'0001-01-01 00:00:00','0001-01-01 00:00:00',NULL),(264,0,'0001-01-01 00:00:00','0001-01-01 00:00:00',NULL),(265,0,'0001-01-01 00:00:00','0001-01-01 00:00:00',NULL),(266,0,'0001-01-01 00:00:00','0001-01-01 00:00:00',NULL),(267,0,'0001-01-01 00:00:00','0001-01-01 00:00:00',NULL),(268,0,'0001-01-01 00:00:00','0001-01-01 00:00:00',NULL),(269,0,'0001-01-01 00:00:00','0001-01-01 00:00:00',NULL),(270,0,'0001-01-01 00:00:00','0001-01-01 00:00:00',NULL),(271,0,'0001-01-01 00:00:00','0001-01-01 00:00:00',NULL),(272,0,'0001-01-01 00:00:00','0001-01-01 00:00:00',NULL),(273,0,'0001-01-01 00:00:00','0001-01-01 00:00:00',NULL),(274,0,'0001-01-01 00:00:00','0001-01-01 00:00:00',NULL),(275,0,'0001-01-01 00:00:00','0001-01-01 00:00:00',NULL),(276,0,'0001-01-01 00:00:00','0001-01-01 00:00:00',NULL),(277,0,'0001-01-01 00:00:00','0001-01-01 00:00:00',NULL),(278,0,'0001-01-01 00:00:00','0001-01-01 00:00:00',NULL),(279,0,'0001-01-01 00:00:00','0001-01-01 00:00:00',NULL),(280,0,'0001-01-01 00:00:00','0001-01-01 00:00:00',NULL),(281,0,'0001-01-01 00:00:00','0001-01-01 00:00:00',NULL),(282,0,'0001-01-01 00:00:00','0001-01-01 00:00:00',NULL),(283,0,'0001-01-01 00:00:00','0001-01-01 00:00:00',NULL),(284,0,'0001-01-01 00:00:00','0001-01-01 00:00:00',NULL),(285,0,'0001-01-01 00:00:00','0001-01-01 00:00:00',NULL),(286,0,'0001-01-01 00:00:00','0001-01-01 00:00:00',NULL),(287,0,'0001-01-01 00:00:00','0001-01-01 00:00:00',NULL),(288,0,'0001-01-01 00:00:00','0001-01-01 00:00:00',NULL),(289,0,'0001-01-01 00:00:00','0001-01-01 00:00:00',NULL),(290,0,'0001-01-01 00:00:00','0001-01-01 00:00:00',NULL),(291,0,'0001-01-01 00:00:00','0001-01-01 00:00:00',NULL),(292,0,'0001-01-01 00:00:00','0001-01-01 00:00:00',NULL),(293,0,'0001-01-01 00:00:00','0001-01-01 00:00:00',NULL),(294,0,'0001-01-01 00:00:00','0001-01-01 00:00:00',NULL),(295,0,'0001-01-01 00:00:00','0001-01-01 00:00:00',NULL),(296,0,'0001-01-01 00:00:00','0001-01-01 00:00:00',NULL),(297,0,'0001-01-01 00:00:00','0001-01-01 00:00:00',NULL),(298,0,'0001-01-01 00:00:00','0001-01-01 00:00:00',NULL),(299,0,'0001-01-01 00:00:00','0001-01-01 00:00:00',NULL),(300,0,'0001-01-01 00:00:00','0001-01-01 00:00:00',NULL),(301,0,'0001-01-01 00:00:00','0001-01-01 00:00:00',NULL),(302,0,'0001-01-01 00:00:00','0001-01-01 00:00:00',NULL),(303,0,'0001-01-01 00:00:00','0001-01-01 00:00:00',NULL),(304,0,'0001-01-01 00:00:00','0001-01-01 00:00:00',NULL),(305,0,'0001-01-01 00:00:00','0001-01-01 00:00:00',NULL),(306,0,'0001-01-01 00:00:00','0001-01-01 00:00:00',NULL),(307,0,'0001-01-01 00:00:00','0001-01-01 00:00:00',NULL),(308,0,'0001-01-01 00:00:00','0001-01-01 00:00:00',NULL),(309,0,'0001-01-01 00:00:00','0001-01-01 00:00:00',NULL),(310,0,'0001-01-01 00:00:00','0001-01-01 00:00:00',NULL),(311,0,'0001-01-01 00:00:00','0001-01-01 00:00:00',NULL),(312,0,'0001-01-01 00:00:00','0001-01-01 00:00:00',NULL),(313,0,'0001-01-01 00:00:00','0001-01-01 00:00:00',NULL),(314,0,'0001-01-01 00:00:00','0001-01-01 00:00:00',NULL),(315,0,'0001-01-01 00:00:00','0001-01-01 00:00:00',NULL),(316,0,'0001-01-01 00:00:00','0001-01-01 00:00:00',NULL),(317,0,'0001-01-01 00:00:00','0001-01-01 00:00:00',NULL),(318,0,'0001-01-01 00:00:00','0001-01-01 00:00:00',NULL),(319,0,'0001-01-01 00:00:00','0001-01-01 00:00:00',NULL),(320,0,'0001-01-01 00:00:00','0001-01-01 00:00:00',NULL),(321,0,'0001-01-01 00:00:00','0001-01-01 00:00:00',NULL),(322,0,'0001-01-01 00:00:00','0001-01-01 00:00:00',NULL),(323,0,'0001-01-01 00:00:00','0001-01-01 00:00:00',NULL),(324,0,'0001-01-01 00:00:00','0001-01-01 00:00:00',NULL),(325,0,'0001-01-01 00:00:00','0001-01-01 00:00:00',NULL),(326,0,'0001-01-01 00:00:00','0001-01-01 00:00:00',NULL),(327,0,'0001-01-01 00:00:00','0001-01-01 00:00:00',NULL),(328,0,'0001-01-01 00:00:00','0001-01-01 00:00:00',NULL),(329,0,'0001-01-01 00:00:00','0001-01-01 00:00:00',NULL),(330,0,'0001-01-01 00:00:00','0001-01-01 00:00:00',NULL),(331,0,'0001-01-01 00:00:00','0001-01-01 00:00:00',NULL),(332,0,'0001-01-01 00:00:00','0001-01-01 00:00:00',NULL),(333,0,'0001-01-01 00:00:00','0001-01-01 00:00:00',NULL),(334,0,'0001-01-01 00:00:00','0001-01-01 00:00:00',NULL),(335,0,'0001-01-01 00:00:00','0001-01-01 00:00:00',NULL),(336,0,'0001-01-01 00:00:00','0001-01-01 00:00:00',NULL),(337,0,'0001-01-01 00:00:00','0001-01-01 00:00:00',NULL),(338,0,'0001-01-01 00:00:00','0001-01-01 00:00:00',NULL),(339,0,'0001-01-01 00:00:00','0001-01-01 00:00:00',NULL),(340,0,'0001-01-01 00:00:00','0001-01-01 00:00:00',NULL),(341,0,'0001-01-01 00:00:00','0001-01-01 00:00:00',NULL),(342,0,'0001-01-01 00:00:00','0001-01-01 00:00:00',NULL),(343,0,'0001-01-01 00:00:00','0001-01-01 00:00:00',NULL),(344,0,'0001-01-01 00:00:00','0001-01-01 00:00:00',NULL),(345,0,'0001-01-01 00:00:00','0001-01-01 00:00:00',NULL),(346,0,'0001-01-01 00:00:00','0001-01-01 00:00:00',NULL),(347,0,'0001-01-01 00:00:00','0001-01-01 00:00:00',NULL),(348,0,'0001-01-01 00:00:00','0001-01-01 00:00:00',NULL),(349,0,'0001-01-01 00:00:00','0001-01-01 00:00:00',NULL),(350,0,'0001-01-01 00:00:00','0001-01-01 00:00:00',NULL),(351,0,'0001-01-01 00:00:00','0001-01-01 00:00:00',NULL),(352,0,'0001-01-01 00:00:00','0001-01-01 00:00:00',NULL),(353,0,'0001-01-01 00:00:00','0001-01-01 00:00:00',NULL),(354,0,'0001-01-01 00:00:00','0001-01-01 00:00:00',NULL),(355,0,'0001-01-01 00:00:00','0001-01-01 00:00:00',NULL),(356,0,'0001-01-01 00:00:00','0001-01-01 00:00:00',NULL),(357,0,'0001-01-01 00:00:00','0001-01-01 00:00:00',NULL),(358,0,'0001-01-01 00:00:00','0001-01-01 00:00:00',NULL),(359,0,'0001-01-01 00:00:00','0001-01-01 00:00:00',NULL),(360,0,'0001-01-01 00:00:00','0001-01-01 00:00:00','2017-11-10 18:30:20'),(361,0,'0001-01-01 00:00:00','0001-01-01 00:00:00','2017-11-10 17:40:20'),(362,0,'0001-01-01 00:00:00','0001-01-01 00:00:00','2017-11-10 17:41:04'),(363,0,'0001-01-01 00:00:00','0001-01-01 00:00:00',NULL),(364,0,'0001-01-01 00:00:00','0001-01-01 00:00:00',NULL),(365,0,'0001-01-01 00:00:00','0001-01-01 00:00:00','2017-11-10 18:33:06'),(366,0,'0001-01-01 00:00:00','0001-01-01 00:00:00',NULL),(367,0,'0001-01-01 00:00:00','0001-01-01 00:00:00',NULL),(368,0,'0001-01-01 00:00:00','0001-01-01 00:00:00',NULL),(369,0,'0001-01-01 00:00:00','0001-01-01 00:00:00',NULL),(370,0,'0001-01-01 00:00:00','0001-01-01 00:00:00',NULL),(371,0,'0001-01-01 00:00:00','0001-01-01 00:00:00',NULL),(372,0,'0001-01-01 00:00:00','0001-01-01 00:00:00',NULL),(373,0,'0001-01-01 00:00:00','0001-01-01 00:00:00',NULL),(374,0,'0001-01-01 00:00:00','0001-01-01 00:00:00',NULL),(375,0,'0001-01-01 00:00:00','0001-01-01 00:00:00',NULL),(376,0,'0001-01-01 00:00:00','0001-01-01 00:00:00',NULL),(377,0,'0001-01-01 00:00:00','0001-01-01 00:00:00',NULL),(378,0,'0001-01-01 00:00:00','0001-01-01 00:00:00',NULL),(379,0,'0001-01-01 00:00:00','0001-01-01 00:00:00',NULL),(380,0,'0001-01-01 00:00:00','0001-01-01 00:00:00',NULL),(381,0,'0001-01-01 00:00:00','0001-01-01 00:00:00',NULL),(382,0,'0001-01-01 00:00:00','0001-01-01 00:00:00',NULL),(383,0,'0001-01-01 00:00:00','0001-01-01 00:00:00',NULL),(384,0,'0001-01-01 00:00:00','0001-01-01 00:00:00',NULL),(385,0,'0001-01-01 00:00:00','0001-01-01 00:00:00',NULL),(386,0,'0001-01-01 00:00:00','0001-01-01 00:00:00',NULL),(387,0,'0001-01-01 00:00:00','0001-01-01 00:00:00',NULL),(388,0,'0001-01-01 00:00:00','0001-01-01 00:00:00',NULL),(389,0,'0001-01-01 00:00:00','0001-01-01 00:00:00',NULL),(390,0,'0001-01-01 00:00:00','0001-01-01 00:00:00',NULL),(391,0,'0001-01-01 00:00:00','0001-01-01 00:00:00',NULL),(392,0,'0001-01-01 00:00:00','0001-01-01 00:00:00',NULL),(393,0,'0001-01-01 00:00:00','0001-01-01 00:00:00',NULL),(394,0,'0001-01-01 00:00:00','0001-01-01 00:00:00',NULL),(395,0,'0001-01-01 00:00:00','0001-01-01 00:00:00',NULL),(396,0,'0001-01-01 00:00:00','0001-01-01 00:00:00',NULL),(397,0,'0001-01-01 00:00:00','0001-01-01 00:00:00',NULL),(398,0,'0001-01-01 00:00:00','0001-01-01 00:00:00',NULL),(399,0,'0001-01-01 00:00:00','0001-01-01 00:00:00',NULL),(400,0,'0001-01-01 00:00:00','0001-01-01 00:00:00',NULL),(401,0,'0001-01-01 00:00:00','0001-01-01 00:00:00',NULL),(402,0,'0001-01-01 00:00:00','0001-01-01 00:00:00',NULL),(403,0,'0001-01-01 00:00:00','0001-01-01 00:00:00',NULL),(404,0,'0001-01-01 00:00:00','0001-01-01 00:00:00',NULL),(405,0,'0001-01-01 00:00:00','0001-01-01 00:00:00',NULL),(406,0,'0001-01-01 00:00:00','0001-01-01 00:00:00',NULL),(407,0,'0001-01-01 00:00:00','0001-01-01 00:00:00',NULL),(408,0,'0001-01-01 00:00:00','0001-01-01 00:00:00',NULL),(409,0,'0001-01-01 00:00:00','0001-01-01 00:00:00',NULL),(410,0,'0001-01-01 00:00:00','0001-01-01 00:00:00',NULL),(411,0,'0001-01-01 00:00:00','0001-01-01 00:00:00',NULL),(412,0,'0001-01-01 00:00:00','0001-01-01 00:00:00',NULL),(413,0,'0001-01-01 00:00:00','0001-01-01 00:00:00',NULL),(414,0,'0001-01-01 00:00:00','0001-01-01 00:00:00',NULL),(415,0,'0001-01-01 00:00:00','0001-01-01 00:00:00',NULL),(416,0,'0001-01-01 00:00:00','0001-01-01 00:00:00',NULL),(417,0,'0001-01-01 00:00:00','0001-01-01 00:00:00',NULL),(418,0,'0001-01-01 00:00:00','0001-01-01 00:00:00',NULL),(419,0,'0001-01-01 00:00:00','0001-01-01 00:00:00',NULL),(420,0,'0001-01-01 00:00:00','0001-01-01 00:00:00',NULL),(421,0,'0001-01-01 00:00:00','0001-01-01 00:00:00',NULL),(422,0,'0001-01-01 00:00:00','0001-01-01 00:00:00',NULL),(423,0,'0001-01-01 00:00:00','0001-01-01 00:00:00',NULL),(424,0,'0001-01-01 00:00:00','0001-01-01 00:00:00',NULL),(425,0,'0001-01-01 00:00:00','0001-01-01 00:00:00',NULL),(426,0,'0001-01-01 00:00:00','0001-01-01 00:00:00',NULL),(427,0,'0001-01-01 00:00:00','0001-01-01 00:00:00',NULL),(428,0,'0001-01-01 00:00:00','0001-01-01 00:00:00',NULL),(429,0,'0001-01-01 00:00:00','0001-01-01 00:00:00',NULL),(430,0,'0001-01-01 00:00:00','0001-01-01 00:00:00',NULL),(431,0,'0001-01-01 00:00:00','0001-01-01 00:00:00',NULL),(432,0,'0001-01-01 00:00:00','0001-01-01 00:00:00',NULL),(433,0,'0001-01-01 00:00:00','0001-01-01 00:00:00',NULL),(434,0,'0001-01-01 00:00:00','0001-01-01 00:00:00',NULL),(435,0,'0001-01-01 00:00:00','0001-01-01 00:00:00',NULL),(436,0,'0001-01-01 00:00:00','0001-01-01 00:00:00',NULL),(437,0,'0001-01-01 00:00:00','0001-01-01 00:00:00',NULL),(438,0,'0001-01-01 00:00:00','0001-01-01 00:00:00',NULL),(439,0,'0001-01-01 00:00:00','0001-01-01 00:00:00',NULL),(440,0,'0001-01-01 00:00:00','0001-01-01 00:00:00',NULL),(441,0,'0001-01-01 00:00:00','0001-01-01 00:00:00',NULL),(442,0,'0001-01-01 00:00:00','0001-01-01 00:00:00',NULL),(443,0,'0001-01-01 00:00:00','0001-01-01 00:00:00',NULL),(444,0,'0001-01-01 00:00:00','0001-01-01 00:00:00',NULL),(445,0,'0001-01-01 00:00:00','0001-01-01 00:00:00',NULL),(446,0,'0001-01-01 00:00:00','0001-01-01 00:00:00',NULL),(447,0,'0001-01-01 00:00:00','0001-01-01 00:00:00',NULL),(448,0,'0001-01-01 00:00:00','0001-01-01 00:00:00',NULL),(449,0,'0001-01-01 00:00:00','0001-01-01 00:00:00',NULL),(450,0,'0001-01-01 00:00:00','0001-01-01 00:00:00',NULL),(451,0,'0001-01-01 00:00:00','0001-01-01 00:00:00',NULL),(452,0,'0001-01-01 00:00:00','0001-01-01 00:00:00',NULL),(453,0,'0001-01-01 00:00:00','0001-01-01 00:00:00',NULL),(454,0,'0001-01-01 00:00:00','0001-01-01 00:00:00',NULL),(455,0,'0001-01-01 00:00:00','0001-01-01 00:00:00',NULL),(456,0,'0001-01-01 00:00:00','0001-01-01 00:00:00',NULL),(457,0,'0001-01-01 00:00:00','0001-01-01 00:00:00',NULL),(458,0,'0001-01-01 00:00:00','0001-01-01 00:00:00',NULL),(459,0,'0001-01-01 00:00:00','0001-01-01 00:00:00',NULL),(460,0,'0001-01-01 00:00:00','0001-01-01 00:00:00',NULL),(461,0,'0001-01-01 00:00:00','0001-01-01 00:00:00',NULL),(462,0,'0001-01-01 00:00:00','0001-01-01 00:00:00',NULL),(463,0,'0001-01-01 00:00:00','0001-01-01 00:00:00',NULL),(464,0,'0001-01-01 00:00:00','0001-01-01 00:00:00',NULL),(465,0,'0001-01-01 00:00:00','0001-01-01 00:00:00',NULL),(466,0,'0001-01-01 00:00:00','0001-01-01 00:00:00',NULL),(467,0,'0001-01-01 00:00:00','0001-01-01 00:00:00',NULL),(468,0,'0001-01-01 00:00:00','0001-01-01 00:00:00',NULL),(469,0,'0001-01-01 00:00:00','0001-01-01 00:00:00',NULL),(470,0,'0001-01-01 00:00:00','0001-01-01 00:00:00',NULL),(471,0,'0001-01-01 00:00:00','0001-01-01 00:00:00',NULL),(472,0,'0001-01-01 00:00:00','0001-01-01 00:00:00',NULL),(473,0,'0001-01-01 00:00:00','0001-01-01 00:00:00',NULL),(474,0,'0001-01-01 00:00:00','0001-01-01 00:00:00',NULL),(475,0,'0001-01-01 00:00:00','0001-01-01 00:00:00',NULL),(476,0,'0001-01-01 00:00:00','0001-01-01 00:00:00',NULL),(477,0,'0001-01-01 00:00:00','0001-01-01 00:00:00',NULL),(478,0,'0001-01-01 00:00:00','0001-01-01 00:00:00',NULL),(479,0,'0001-01-01 00:00:00','0001-01-01 00:00:00',NULL),(480,0,'0001-01-01 00:00:00','0001-01-01 00:00:00',NULL),(481,0,'0001-01-01 00:00:00','0001-01-01 00:00:00',NULL),(482,0,'0001-01-01 00:00:00','0001-01-01 00:00:00',NULL),(483,0,'0001-01-01 00:00:00','0001-01-01 00:00:00',NULL),(484,0,'0001-01-01 00:00:00','0001-01-01 00:00:00',NULL),(485,0,'0001-01-01 00:00:00','0001-01-01 00:00:00',NULL),(486,0,'0001-01-01 00:00:00','0001-01-01 00:00:00',NULL),(487,0,'0001-01-01 00:00:00','0001-01-01 00:00:00',NULL),(488,0,'0001-01-01 00:00:00','0001-01-01 00:00:00',NULL),(489,0,'0001-01-01 00:00:00','0001-01-01 00:00:00',NULL),(490,0,'0001-01-01 00:00:00','0001-01-01 00:00:00',NULL),(491,0,'0001-01-01 00:00:00','0001-01-01 00:00:00',NULL),(492,0,'0001-01-01 00:00:00','0001-01-01 00:00:00',NULL),(493,0,'0001-01-01 00:00:00','0001-01-01 00:00:00',NULL),(494,0,'0001-01-01 00:00:00','0001-01-01 00:00:00',NULL),(495,0,'0001-01-01 00:00:00','0001-01-01 00:00:00',NULL),(496,0,'0001-01-01 00:00:00','0001-01-01 00:00:00',NULL),(497,0,'0001-01-01 00:00:00','0001-01-01 00:00:00',NULL),(498,0,'0001-01-01 00:00:00','0001-01-01 00:00:00',NULL),(499,0,'0001-01-01 00:00:00','0001-01-01 00:00:00',NULL),(500,0,'0001-01-01 00:00:00','0001-01-01 00:00:00',NULL),(501,0,'0001-01-01 00:00:00','0001-01-01 00:00:00',NULL),(502,0,'0001-01-01 00:00:00','0001-01-01 00:00:00',NULL),(503,0,'0001-01-01 00:00:00','0001-01-01 00:00:00',NULL),(504,0,'0001-01-01 00:00:00','0001-01-01 00:00:00',NULL),(505,0,'0001-01-01 00:00:00','0001-01-01 00:00:00',NULL),(506,0,'0001-01-01 00:00:00','0001-01-01 00:00:00',NULL),(507,0,'0001-01-01 00:00:00','0001-01-01 00:00:00',NULL),(508,0,'0001-01-01 00:00:00','0001-01-01 00:00:00',NULL),(509,0,'0001-01-01 00:00:00','0001-01-01 00:00:00',NULL),(510,0,'0001-01-01 00:00:00','0001-01-01 00:00:00',NULL),(511,0,'0001-01-01 00:00:00','0001-01-01 00:00:00',NULL),(512,0,'0001-01-01 00:00:00','0001-01-01 00:00:00',NULL),(513,0,'0001-01-01 00:00:00','0001-01-01 00:00:00',NULL),(514,0,'0001-01-01 00:00:00','0001-01-01 00:00:00',NULL),(515,0,'0001-01-01 00:00:00','0001-01-01 00:00:00',NULL);
/*!40000 ALTER TABLE `asistencia` ENABLE KEYS */;
UNLOCK TABLES;

--
-- Table structure for table `asociacion`
--

DROP TABLE IF EXISTS `asociacion`;
/*!40101 SET @saved_cs_client     = @@character_set_client */;
/*!40101 SET character_set_client = utf8 */;
CREATE TABLE `asociacion` (
  `id` int(11) NOT NULL AUTO_INCREMENT,
  `idSocio` int(11) NOT NULL,
  `estado` int(11) NOT NULL,
  `fechaInicio` datetime NOT NULL,
  `fechaFin` datetime NOT NULL,
  `fechaCreacion` datetime NOT NULL,
  `fechaModificacion` datetime DEFAULT NULL,
  PRIMARY KEY (`id`),
  KEY `IX_idSocio` (`idSocio`) USING HASH,
  CONSTRAINT `FK_Asociacion_Socio_idSocio` FOREIGN KEY (`idSocio`) REFERENCES `socio` (`id`) ON DELETE CASCADE ON UPDATE CASCADE
) ENGINE=InnoDB DEFAULT CHARSET=utf8;
/*!40101 SET character_set_client = @saved_cs_client */;

--
-- Dumping data for table `asociacion`
--

LOCK TABLES `asociacion` WRITE;
/*!40000 ALTER TABLE `asociacion` DISABLE KEYS */;
/*!40000 ALTER TABLE `asociacion` ENABLE KEYS */;
UNLOCK TABLES;

--
-- Table structure for table `cliente`
--

DROP TABLE IF EXISTS `cliente`;
/*!40101 SET @saved_cs_client     = @@character_set_client */;
/*!40101 SET character_set_client = utf8 */;
CREATE TABLE `cliente` (
  `id` int(11) NOT NULL AUTO_INCREMENT,
  `nombre` longtext,
  `apellido` longtext,
  `tipoDoc_id` int(11) NOT NULL,
  PRIMARY KEY (`id`),
  KEY `IX_tipoDoc_id` (`tipoDoc_id`) USING HASH,
  CONSTRAINT `FK_Cliente_TipoDocumento_tipoDoc_id` FOREIGN KEY (`tipoDoc_id`) REFERENCES `tipodocumento` (`id`) ON DELETE CASCADE ON UPDATE CASCADE
) ENGINE=InnoDB DEFAULT CHARSET=utf8;
/*!40101 SET character_set_client = @saved_cs_client */;

--
-- Dumping data for table `cliente`
--

LOCK TABLES `cliente` WRITE;
/*!40000 ALTER TABLE `cliente` DISABLE KEYS */;
/*!40000 ALTER TABLE `cliente` ENABLE KEYS */;
UNLOCK TABLES;

--
-- Table structure for table `contacto`
--

DROP TABLE IF EXISTS `contacto`;
/*!40101 SET @saved_cs_client     = @@character_set_client */;
/*!40101 SET character_set_client = utf8 */;
CREATE TABLE `contacto` (
  `id` int(11) NOT NULL AUTO_INCREMENT,
  `nombre` longtext,
  `apellido` longtext,
  `telefono` longtext,
  `celular` longtext,
  `email` longtext,
  `relacion` longtext,
  PRIMARY KEY (`id`)
) ENGINE=InnoDB AUTO_INCREMENT=3 DEFAULT CHARSET=utf8;
/*!40101 SET character_set_client = @saved_cs_client */;

--
-- Dumping data for table `contacto`
--

LOCK TABLES `contacto` WRITE;
/*!40000 ALTER TABLE `contacto` DISABLE KEYS */;
INSERT INTO `contacto` VALUES (2,'','','','','','');
/*!40000 ALTER TABLE `contacto` ENABLE KEYS */;
UNLOCK TABLES;

--
-- Table structure for table `detalleevento`
--

DROP TABLE IF EXISTS `detalleevento`;
/*!40101 SET @saved_cs_client     = @@character_set_client */;
/*!40101 SET character_set_client = utf8 */;
CREATE TABLE `detalleevento` (
  `id` int(11) NOT NULL AUTO_INCREMENT,
  `nombre` longtext,
  `descripcion` longtext,
  `idEncargado` int(11) NOT NULL,
  `idEvento` int(11) NOT NULL,
  `idEspacio` int(11) NOT NULL,
  `idAsistencia` int(11) NOT NULL,
  `estado` int(11) NOT NULL,
  `fechaDesde` datetime NOT NULL,
  `fechaHasta` datetime NOT NULL,
  `fechaCancelacion` datetime NOT NULL,
  `fechaCreacion` datetime NOT NULL,
  `fechaBaja` datetime DEFAULT NULL,
  `fechaModificacion` datetime DEFAULT NULL,
  PRIMARY KEY (`id`),
  KEY `IX_idEncargado` (`idEncargado`) USING HASH,
  KEY `IX_idEvento` (`idEvento`) USING HASH,
  KEY `IX_idEspacio` (`idEspacio`) USING HASH,
  KEY `IX_idAsistencia` (`idAsistencia`) USING HASH,
  CONSTRAINT `FK_DetalleEvento_Asistencia_idAsistencia` FOREIGN KEY (`idAsistencia`) REFERENCES `asistencia` (`id`) ON DELETE CASCADE ON UPDATE CASCADE,
  CONSTRAINT `FK_DetalleEvento_Encargado_idEncargado` FOREIGN KEY (`idEncargado`) REFERENCES `encargado` (`id`) ON DELETE CASCADE ON UPDATE CASCADE,
  CONSTRAINT `FK_DetalleEvento_EspacioComun_idEspacio` FOREIGN KEY (`idEspacio`) REFERENCES `espaciocomun` (`id`) ON DELETE CASCADE ON UPDATE CASCADE,
  CONSTRAINT `FK_DetalleEvento_Evento_idEvento` FOREIGN KEY (`idEvento`) REFERENCES `evento` (`id`) ON DELETE CASCADE ON UPDATE CASCADE
) ENGINE=InnoDB AUTO_INCREMENT=315 DEFAULT CHARSET=utf8;
/*!40101 SET character_set_client = @saved_cs_client */;

--
-- Dumping data for table `detalleevento`
--

LOCK TABLES `detalleevento` WRITE;
/*!40000 ALTER TABLE `detalleevento` DISABLE KEYS */;
INSERT INTO `detalleevento` VALUES (159,'test evento','nueva descripción',1,13,5,360,0,'2017-01-03 16:00:00','2017-01-03 19:00:00','0001-01-01 00:00:00','2017-11-05 16:43:23',NULL,'2017-11-05 21:11:11'),(160,'Clase 232','descrpcion 2',1,13,5,361,0,'2017-01-10 16:00:00','2017-01-10 19:00:00','0001-01-01 00:00:00','2017-11-05 16:43:29',NULL,'2017-11-05 21:11:24'),(161,'clase 1','dfvdfv',1,13,5,362,0,'2017-01-17 16:00:00','2017-01-17 19:00:00','0001-01-01 00:00:00','2017-11-05 16:43:32',NULL,'2017-11-05 20:02:28'),(162,'trdcgfg','dfvdfv',1,13,5,363,0,'2017-01-24 16:00:00','2017-01-24 19:00:00','0001-01-01 00:00:00','2017-11-05 16:43:37',NULL,'2017-11-05 16:43:37'),(163,'Clase 3','dfvdfv',1,13,5,364,0,'2017-01-31 16:00:00','2017-01-31 19:00:00','0001-01-01 00:00:00','2017-11-05 16:43:37',NULL,'2017-11-05 21:11:35'),(164,'trdcgfg','dfvdfv',1,13,5,365,0,'2017-02-07 16:00:00','2017-02-07 19:00:00','0001-01-01 00:00:00','2017-11-05 16:43:37',NULL,'2017-11-05 16:43:37'),(165,'trdcgfg','dfvdfv',1,13,5,366,0,'2017-02-14 16:00:00','2017-02-14 19:00:00','0001-01-01 00:00:00','2017-11-05 16:43:37',NULL,'2017-11-05 16:43:37'),(166,'trdcgfg','dfvdfv',1,13,5,367,0,'2017-02-21 16:00:00','2017-02-21 19:00:00','0001-01-01 00:00:00','2017-11-05 16:43:37',NULL,'2017-11-05 16:43:37'),(167,'trdcgfg','dfvdfv',1,13,5,368,0,'2017-02-28 16:00:00','2017-02-28 19:00:00','0001-01-01 00:00:00','2017-11-05 16:43:37',NULL,'2017-11-05 16:43:37'),(168,'trdcgfg','dfvdfv',1,13,5,369,0,'2017-03-07 16:00:00','2017-03-07 19:00:00','0001-01-01 00:00:00','2017-11-05 16:43:37',NULL,'2017-11-05 16:43:37'),(169,'trdcgfg','dfvdfv',1,13,5,370,0,'2017-03-14 16:00:00','2017-03-14 19:00:00','0001-01-01 00:00:00','2017-11-05 16:43:37',NULL,'2017-11-05 16:43:37'),(170,'trdcgfg','dfvdfv',1,13,5,371,0,'2017-03-21 16:00:00','2017-03-21 19:00:00','0001-01-01 00:00:00','2017-11-05 16:43:37',NULL,'2017-11-05 16:43:37'),(171,'trdcgfg','dfvdfv',1,13,5,372,0,'2017-03-28 16:00:00','2017-03-28 19:00:00','0001-01-01 00:00:00','2017-11-05 16:43:37',NULL,'2017-11-05 16:43:37'),(172,'trdcgfg','dfvdfv',1,13,5,373,0,'2017-04-04 16:00:00','2017-04-04 19:00:00','0001-01-01 00:00:00','2017-11-05 16:43:37',NULL,'2017-11-05 16:43:37'),(173,'trdcgfg','dfvdfv',1,13,5,374,0,'2017-04-11 16:00:00','2017-04-11 19:00:00','0001-01-01 00:00:00','2017-11-05 16:43:37',NULL,'2017-11-05 16:43:37'),(174,'trdcgfg','dfvdfv',1,13,5,375,0,'2017-04-18 16:00:00','2017-04-18 19:00:00','0001-01-01 00:00:00','2017-11-05 16:43:37',NULL,'2017-11-05 16:43:37'),(175,'trdcgfg','dfvdfv',1,13,5,376,0,'2017-04-25 16:00:00','2017-04-25 19:00:00','0001-01-01 00:00:00','2017-11-05 16:43:37',NULL,'2017-11-05 16:43:37'),(176,'trdcgfg','dfvdfv',1,13,5,377,0,'2017-05-02 16:00:00','2017-05-02 19:00:00','0001-01-01 00:00:00','2017-11-05 16:43:37',NULL,'2017-11-05 16:43:37'),(177,'trdcgfg','dfvdfv',1,13,5,378,0,'2017-05-09 16:00:00','2017-05-09 19:00:00','0001-01-01 00:00:00','2017-11-05 16:43:37',NULL,'2017-11-05 16:43:37'),(178,'trdcgfg','dfvdfv',1,13,5,379,0,'2017-05-16 16:00:00','2017-05-16 19:00:00','0001-01-01 00:00:00','2017-11-05 16:43:37',NULL,'2017-11-05 16:43:37'),(179,'trdcgfg','dfvdfv',1,13,5,380,0,'2017-05-23 16:00:00','2017-05-23 19:00:00','0001-01-01 00:00:00','2017-11-05 16:43:37',NULL,'2017-11-05 16:43:37'),(180,'trdcgfg','dfvdfv',1,13,5,381,0,'2017-05-30 16:00:00','2017-05-30 19:00:00','0001-01-01 00:00:00','2017-11-05 16:43:37',NULL,'2017-11-05 16:43:37'),(181,'trdcgfg','dfvdfv',1,13,5,382,0,'2017-06-06 16:00:00','2017-06-06 19:00:00','0001-01-01 00:00:00','2017-11-05 16:43:37',NULL,'2017-11-05 16:43:37'),(182,'trdcgfg','dfvdfv',1,13,5,383,0,'2017-06-13 16:00:00','2017-06-13 19:00:00','0001-01-01 00:00:00','2017-11-05 16:43:37',NULL,'2017-11-05 16:43:37'),(183,'trdcgfg','dfvdfv',1,13,5,384,0,'2017-06-20 16:00:00','2017-06-20 19:00:00','0001-01-01 00:00:00','2017-11-05 16:43:37',NULL,'2017-11-05 16:43:37'),(184,'trdcgfg','dfvdfv',1,13,5,385,0,'2017-06-27 16:00:00','2017-06-27 19:00:00','0001-01-01 00:00:00','2017-11-05 16:43:37',NULL,'2017-11-05 16:43:37'),(185,'trdcgfg','dfvdfv',1,13,5,386,0,'2017-07-04 16:00:00','2017-07-04 19:00:00','0001-01-01 00:00:00','2017-11-05 16:43:37',NULL,'2017-11-05 16:43:37'),(186,'trdcgfg','dfvdfv',1,13,5,387,0,'2017-07-11 16:00:00','2017-07-11 19:00:00','0001-01-01 00:00:00','2017-11-05 16:43:37',NULL,'2017-11-05 16:43:37'),(187,'trdcgfg','dfvdfv',1,13,5,388,0,'2017-07-18 16:00:00','2017-07-18 19:00:00','0001-01-01 00:00:00','2017-11-05 16:43:37',NULL,'2017-11-05 16:43:37'),(188,'trdcgfg','dfvdfv',1,13,5,389,0,'2017-07-25 16:00:00','2017-07-25 19:00:00','0001-01-01 00:00:00','2017-11-05 16:43:37',NULL,'2017-11-05 16:43:37'),(189,'trdcgfg','dfvdfv',1,13,5,390,0,'2017-08-01 16:00:00','2017-08-01 19:00:00','0001-01-01 00:00:00','2017-11-05 16:43:37',NULL,'2017-11-05 16:43:37'),(190,'trdcgfg','dfvdfv',1,13,5,391,0,'2017-08-08 16:00:00','2017-08-08 19:00:00','0001-01-01 00:00:00','2017-11-05 16:43:37',NULL,'2017-11-05 16:43:37'),(191,'trdcgfg','dfvdfv',1,13,5,392,0,'2017-08-15 16:00:00','2017-08-15 19:00:00','0001-01-01 00:00:00','2017-11-05 16:43:37',NULL,'2017-11-05 16:43:37'),(192,'trdcgfg','dfvdfv',1,13,5,393,0,'2017-08-22 16:00:00','2017-08-22 19:00:00','0001-01-01 00:00:00','2017-11-05 16:43:37',NULL,'2017-11-05 16:43:37'),(193,'trdcgfg','dfvdfv',1,13,5,394,0,'2017-08-29 16:00:00','2017-08-29 19:00:00','0001-01-01 00:00:00','2017-11-05 16:43:37',NULL,'2017-11-05 16:43:37'),(194,'trdcgfg','dfvdfv',1,13,5,395,0,'2017-09-05 16:00:00','2017-09-05 19:00:00','0001-01-01 00:00:00','2017-11-05 16:43:37',NULL,'2017-11-05 16:43:37'),(195,'trdcgfg','dfvdfv',1,13,5,396,0,'2017-09-12 16:00:00','2017-09-12 19:00:00','0001-01-01 00:00:00','2017-11-05 16:43:37',NULL,'2017-11-05 16:43:37'),(196,'trdcgfg','dfvdfv',1,13,5,397,0,'2017-09-19 16:00:00','2017-09-19 19:00:00','0001-01-01 00:00:00','2017-11-05 16:43:37',NULL,'2017-11-05 16:43:37'),(197,'trdcgfg','dfvdfv',1,13,5,398,0,'2017-09-26 16:00:00','2017-09-26 19:00:00','0001-01-01 00:00:00','2017-11-05 16:43:37',NULL,'2017-11-05 16:43:37'),(198,'trdcgfg','dfvdfv',1,13,5,399,0,'2017-10-03 16:00:00','2017-10-03 19:00:00','0001-01-01 00:00:00','2017-11-05 16:43:37',NULL,'2017-11-05 16:43:37'),(199,'trdcgfg','dfvdfv',1,13,5,400,0,'2017-10-10 16:00:00','2017-10-10 19:00:00','0001-01-01 00:00:00','2017-11-05 16:43:37',NULL,'2017-11-05 16:43:37'),(200,'trdcgfg','dfvdfv',1,13,5,401,0,'2017-10-17 16:00:00','2017-10-17 19:00:00','0001-01-01 00:00:00','2017-11-05 16:43:37',NULL,'2017-11-05 16:43:37'),(201,'trdcgfg','dfvdfv',1,13,5,402,0,'2017-10-24 16:00:00','2017-10-24 19:00:00','0001-01-01 00:00:00','2017-11-05 16:43:37',NULL,'2017-11-05 16:43:37'),(202,'Nuevo evento Test','dfvdfv',1,13,5,403,0,'2017-10-31 16:00:00','2017-10-31 19:00:00','0001-01-01 00:00:00','2017-11-05 16:43:37',NULL,'2017-11-05 20:55:31'),(203,'clase musical','trompeta',1,13,5,404,0,'2017-11-07 16:00:00','2017-11-07 19:00:00','0001-01-01 00:00:00','2017-11-05 16:43:37',NULL,'2017-11-05 22:21:33'),(204,'trdcgfg','dfvdfv',1,13,5,405,0,'2017-11-14 16:00:00','2017-11-14 19:00:00','0001-01-01 00:00:00','2017-11-05 16:43:37',NULL,'2017-11-05 16:43:37'),(205,'trdcgfg','dfvdfv',1,13,5,406,0,'2017-11-21 16:00:00','2017-11-21 19:00:00','0001-01-01 00:00:00','2017-11-05 16:43:37',NULL,'2017-11-05 16:43:37'),(206,'trdcgfg','dfvdfv',1,13,5,407,0,'2017-11-28 16:00:00','2017-11-28 19:00:00','0001-01-01 00:00:00','2017-11-05 16:43:37',NULL,'2017-11-05 16:43:37'),(207,'clase 43434','dfvdfv',1,13,5,408,0,'2017-12-05 16:00:00','2017-12-05 19:00:00','0001-01-01 00:00:00','2017-11-05 16:43:37',NULL,'2017-11-05 20:04:21'),(208,'trdcgfg','dfvdfv',1,13,5,409,0,'2017-12-12 16:00:00','2017-12-12 19:00:00','0001-01-01 00:00:00','2017-11-05 16:43:37',NULL,'2017-11-05 16:43:37'),(209,'trdcgfg','dfvdfv',1,13,5,410,0,'2017-12-19 16:00:00','2017-12-19 19:00:00','0001-01-01 00:00:00','2017-11-05 16:43:37',NULL,'2017-11-05 16:43:37'),(210,'trdcgfg','dfvdfv',1,13,5,411,0,'2017-12-26 16:00:00','2017-12-26 19:00:00','0001-01-01 00:00:00','2017-11-05 16:43:37',NULL,'2017-11-05 16:43:37'),(211,'trdcgfg','dfvdfv',1,13,5,412,0,'2018-01-02 16:00:00','2018-01-02 19:00:00','0001-01-01 00:00:00','2017-11-05 16:43:37',NULL,'2017-11-05 16:43:37'),(212,'trdcgfg','dfvdfv',1,13,5,413,0,'2018-01-09 16:00:00','2018-01-09 19:00:00','0001-01-01 00:00:00','2017-11-05 16:43:37',NULL,'2017-11-05 16:43:37'),(213,'trdcgfg','dfvdfv',1,13,5,414,0,'2018-01-16 16:00:00','2018-01-16 19:00:00','0001-01-01 00:00:00','2017-11-05 16:43:37',NULL,'2017-11-05 16:43:37'),(214,'trdcgfg','dfvdfv',1,13,5,415,0,'2018-01-23 16:00:00','2018-01-23 19:00:00','0001-01-01 00:00:00','2017-11-05 16:43:37',NULL,'2017-11-05 16:43:37'),(215,'trdcgfg','dfvdfv',1,13,5,416,0,'2018-01-30 16:00:00','2018-01-30 19:00:00','0001-01-01 00:00:00','2017-11-05 16:43:37',NULL,'2017-11-05 16:43:37'),(216,'trdcgfg','dfvdfv',1,13,5,417,0,'2018-02-06 16:00:00','2018-02-06 19:00:00','0001-01-01 00:00:00','2017-11-05 16:43:37',NULL,'2017-11-05 16:43:37'),(217,'trdcgfg','dfvdfv',1,13,5,418,0,'2018-02-13 16:00:00','2018-02-13 19:00:00','0001-01-01 00:00:00','2017-11-05 16:43:37',NULL,'2017-11-05 16:43:37'),(218,'trdcgfg','dfvdfv',1,13,5,419,0,'2018-02-20 16:00:00','2018-02-20 19:00:00','0001-01-01 00:00:00','2017-11-05 16:43:37',NULL,'2017-11-05 16:43:37'),(219,'trdcgfg','dfvdfv',1,13,5,420,0,'2018-02-27 16:00:00','2018-02-27 19:00:00','0001-01-01 00:00:00','2017-11-05 16:43:37',NULL,'2017-11-05 16:43:37'),(220,'trdcgfg','dfvdfv',1,13,5,421,0,'2018-03-06 16:00:00','2018-03-06 19:00:00','0001-01-01 00:00:00','2017-11-05 16:43:37',NULL,'2017-11-05 16:43:37'),(221,'trdcgfg','dfvdfv',1,13,5,422,0,'2018-03-13 16:00:00','2018-03-13 19:00:00','0001-01-01 00:00:00','2017-11-05 16:43:37',NULL,'2017-11-05 16:43:37'),(222,'trdcgfg','dfvdfv',1,13,5,423,0,'2018-03-20 16:00:00','2018-03-20 19:00:00','0001-01-01 00:00:00','2017-11-05 16:43:37',NULL,'2017-11-05 16:43:37'),(223,'trdcgfg','dfvdfv',1,13,5,424,0,'2018-03-27 16:00:00','2018-03-27 19:00:00','0001-01-01 00:00:00','2017-11-05 16:43:37',NULL,'2017-11-05 16:43:37'),(224,'trdcgfg','dfvdfv',1,13,5,425,0,'2018-04-03 16:00:00','2018-04-03 19:00:00','0001-01-01 00:00:00','2017-11-05 16:43:37',NULL,'2017-11-05 16:43:37'),(225,'trdcgfg','dfvdfv',1,13,5,426,0,'2018-04-10 16:00:00','2018-04-10 19:00:00','0001-01-01 00:00:00','2017-11-05 16:43:37',NULL,'2017-11-05 16:43:37'),(226,'trdcgfg','dfvdfv',1,13,5,427,0,'2018-04-17 16:00:00','2018-04-17 19:00:00','0001-01-01 00:00:00','2017-11-05 16:43:37',NULL,'2017-11-05 16:43:37'),(227,'trdcgfg','dfvdfv',1,13,5,428,0,'2018-04-24 16:00:00','2018-04-24 19:00:00','0001-01-01 00:00:00','2017-11-05 16:43:37',NULL,'2017-11-05 16:43:37'),(228,'trdcgfg','dfvdfv',1,13,5,429,0,'2018-05-01 16:00:00','2018-05-01 19:00:00','0001-01-01 00:00:00','2017-11-05 16:43:37',NULL,'2017-11-05 16:43:37'),(229,'trdcgfg','dfvdfv',1,13,5,430,0,'2018-05-08 16:00:00','2018-05-08 19:00:00','0001-01-01 00:00:00','2017-11-05 16:43:37',NULL,'2017-11-05 16:43:37'),(230,'trdcgfg','dfvdfv',1,13,5,431,0,'2018-05-15 16:00:00','2018-05-15 19:00:00','0001-01-01 00:00:00','2017-11-05 16:43:37',NULL,'2017-11-05 16:43:37'),(231,'trdcgfg','dfvdfv',1,13,5,432,0,'2018-05-22 16:00:00','2018-05-22 19:00:00','0001-01-01 00:00:00','2017-11-05 16:43:37',NULL,'2017-11-05 16:43:37'),(232,'trdcgfg','dfvdfv',1,13,5,433,0,'2018-05-29 16:00:00','2018-05-29 19:00:00','0001-01-01 00:00:00','2017-11-05 16:43:37',NULL,'2017-11-05 16:43:37'),(233,'trdcgfg','dfvdfv',1,13,5,434,0,'2018-06-05 16:00:00','2018-06-05 19:00:00','0001-01-01 00:00:00','2017-11-05 16:43:37',NULL,'2017-11-05 16:43:37'),(234,'trdcgfg','dfvdfv',1,13,5,435,0,'2018-06-12 16:00:00','2018-06-12 19:00:00','0001-01-01 00:00:00','2017-11-05 16:43:37',NULL,'2017-11-05 16:43:37'),(235,'trdcgfg','dfvdfv',1,13,5,436,0,'2018-06-19 16:00:00','2018-06-19 19:00:00','0001-01-01 00:00:00','2017-11-05 16:43:37',NULL,'2017-11-05 16:43:37'),(236,'trdcgfg','dfvdfv',1,13,5,437,0,'2018-06-26 16:00:00','2018-06-26 19:00:00','0001-01-01 00:00:00','2017-11-05 16:43:37',NULL,'2017-11-05 16:43:37'),(237,'trdcgfg','dfvdfv',1,13,5,438,0,'2018-07-03 16:00:00','2018-07-03 19:00:00','0001-01-01 00:00:00','2017-11-05 16:43:37',NULL,'2017-11-05 16:43:37'),(238,'trdcgfg','dfvdfv',1,13,5,439,0,'2018-07-10 16:00:00','2018-07-10 19:00:00','0001-01-01 00:00:00','2017-11-05 16:43:37',NULL,'2017-11-05 16:43:37'),(239,'trdcgfg','dfvdfv',1,13,5,440,0,'2018-07-17 16:00:00','2018-07-17 19:00:00','0001-01-01 00:00:00','2017-11-05 16:43:37',NULL,'2017-11-05 16:43:37'),(240,'trdcgfg','dfvdfv',1,13,5,441,0,'2018-07-24 16:00:00','2018-07-24 19:00:00','0001-01-01 00:00:00','2017-11-05 16:43:37',NULL,'2017-11-05 16:43:37'),(241,'trdcgfg','dfvdfv',1,13,5,442,0,'2018-07-31 16:00:00','2018-07-31 19:00:00','0001-01-01 00:00:00','2017-11-05 16:43:37',NULL,'2017-11-05 16:43:37'),(242,'trdcgfg','dfvdfv',1,13,5,443,0,'2018-08-07 16:00:00','2018-08-07 19:00:00','0001-01-01 00:00:00','2017-11-05 16:43:37',NULL,'2017-11-05 16:43:37'),(243,'trdcgfg','dfvdfv',1,13,5,444,0,'2018-08-14 16:00:00','2018-08-14 19:00:00','0001-01-01 00:00:00','2017-11-05 16:43:37',NULL,'2017-11-05 16:43:37'),(244,'trdcgfg','dfvdfv',1,13,5,445,0,'2018-08-21 16:00:00','2018-08-21 19:00:00','0001-01-01 00:00:00','2017-11-05 16:43:37',NULL,'2017-11-05 16:43:37'),(245,'trdcgfg','dfvdfv',1,13,5,446,0,'2018-08-28 16:00:00','2018-08-28 19:00:00','0001-01-01 00:00:00','2017-11-05 16:43:37',NULL,'2017-11-05 16:43:37'),(246,'trdcgfg','dfvdfv',1,13,5,447,0,'2018-09-04 16:00:00','2018-09-04 19:00:00','0001-01-01 00:00:00','2017-11-05 16:43:37',NULL,'2017-11-05 16:43:37'),(247,'trdcgfg','dfvdfv',1,13,5,448,0,'2018-09-11 16:00:00','2018-09-11 19:00:00','0001-01-01 00:00:00','2017-11-05 16:43:37',NULL,'2017-11-05 16:43:37'),(248,'trdcgfg','dfvdfv',1,13,5,449,0,'2018-09-18 16:00:00','2018-09-18 19:00:00','0001-01-01 00:00:00','2017-11-05 16:43:37',NULL,'2017-11-05 16:43:37'),(249,'trdcgfg','dfvdfv',1,13,5,450,0,'2018-09-25 16:00:00','2018-09-25 19:00:00','0001-01-01 00:00:00','2017-11-05 16:43:37',NULL,'2017-11-05 16:43:37'),(250,'trdcgfg','dfvdfv',1,13,5,451,0,'2018-10-02 16:00:00','2018-10-02 19:00:00','0001-01-01 00:00:00','2017-11-05 16:43:37',NULL,'2017-11-05 16:43:37'),(251,'trdcgfg','dfvdfv',1,13,5,452,0,'2018-10-09 16:00:00','2018-10-09 19:00:00','0001-01-01 00:00:00','2017-11-05 16:43:37',NULL,'2017-11-05 16:43:37'),(252,'trdcgfg','dfvdfv',1,13,5,453,0,'2018-10-16 16:00:00','2018-10-16 19:00:00','0001-01-01 00:00:00','2017-11-05 16:43:37',NULL,'2017-11-05 16:43:37'),(253,'trdcgfg','dfvdfv',1,13,5,454,0,'2018-10-23 16:00:00','2018-10-23 19:00:00','0001-01-01 00:00:00','2017-11-05 16:43:37',NULL,'2017-11-05 16:43:37'),(254,'trdcgfg','dfvdfv',1,13,5,455,0,'2018-10-30 16:00:00','2018-10-30 19:00:00','0001-01-01 00:00:00','2017-11-05 16:43:37',NULL,'2017-11-05 16:43:37'),(255,'trdcgfg','dfvdfv',1,13,5,456,0,'2018-11-06 16:00:00','2018-11-06 19:00:00','0001-01-01 00:00:00','2017-11-05 16:43:37',NULL,'2017-11-05 16:43:37'),(256,'trdcgfg','dfvdfv',1,13,5,457,0,'2018-11-13 16:00:00','2018-11-13 19:00:00','0001-01-01 00:00:00','2017-11-05 16:43:37',NULL,'2017-11-05 16:43:37'),(257,'trdcgfg','dfvdfv',1,13,5,458,0,'2018-11-20 16:00:00','2018-11-20 19:00:00','0001-01-01 00:00:00','2017-11-05 16:43:37',NULL,'2017-11-05 16:43:37'),(258,'trdcgfg','dfvdfv',1,13,5,459,0,'2018-11-27 16:00:00','2018-11-27 19:00:00','0001-01-01 00:00:00','2017-11-05 16:43:37',NULL,'2017-11-05 16:43:37'),(259,'trdcgfg','dfvdfv',1,13,5,460,0,'2018-12-04 16:00:00','2018-12-04 19:00:00','0001-01-01 00:00:00','2017-11-05 16:43:37',NULL,'2017-11-05 16:43:37'),(260,'trdcgfg','dfvdfv',1,13,5,461,0,'2018-12-11 16:00:00','2018-12-11 19:00:00','0001-01-01 00:00:00','2017-11-05 16:43:37',NULL,'2017-11-05 16:43:37'),(261,'trdcgfg','dfvdfv',1,13,5,462,0,'2018-12-18 16:00:00','2018-12-18 19:00:00','0001-01-01 00:00:00','2017-11-05 16:43:37',NULL,'2017-11-05 16:43:37'),(262,'trdcgfg','dfvdfv',1,13,5,463,0,'2018-12-25 16:00:00','2018-12-25 19:00:00','0001-01-01 00:00:00','2017-11-05 16:43:37',NULL,'2017-11-05 16:43:37'),(263,'Julito class 32','dssdf',8,14,3,464,0,'2017-01-04 17:00:00','2017-01-04 18:00:00','0001-01-01 00:00:00','2017-11-06 10:36:42',NULL,'2017-11-06 10:37:24'),(264,'Julito class','dssdf',8,14,3,465,0,'2017-01-11 17:00:00','2017-01-11 18:00:00','0001-01-01 00:00:00','2017-11-06 10:36:42',NULL,'2017-11-06 10:36:42'),(265,'Julito class','dssdf',8,14,3,466,0,'2017-01-18 17:00:00','2017-01-18 18:00:00','0001-01-01 00:00:00','2017-11-06 10:36:42',NULL,'2017-11-06 10:36:42'),(266,'Julito class','dssdf',8,14,3,467,0,'2017-01-25 17:00:00','2017-01-25 18:00:00','0001-01-01 00:00:00','2017-11-06 10:36:42',NULL,'2017-11-06 10:36:42'),(267,'Julito class','dssdf',8,14,3,468,0,'2017-02-01 17:00:00','2017-02-01 18:00:00','0001-01-01 00:00:00','2017-11-06 10:36:42',NULL,'2017-11-06 10:36:42'),(268,'Julito class','dssdf',8,14,3,469,0,'2017-02-08 17:00:00','2017-02-08 18:00:00','0001-01-01 00:00:00','2017-11-06 10:36:42',NULL,'2017-11-06 10:36:42'),(269,'Julito class','dssdf',8,14,3,470,0,'2017-02-15 17:00:00','2017-02-15 18:00:00','0001-01-01 00:00:00','2017-11-06 10:36:42',NULL,'2017-11-06 10:36:42'),(270,'Julito class','dssdf',8,14,3,471,0,'2017-02-22 17:00:00','2017-02-22 18:00:00','0001-01-01 00:00:00','2017-11-06 10:36:42',NULL,'2017-11-06 10:36:42'),(271,'Julito class','dssdf',8,14,3,472,0,'2017-03-01 17:00:00','2017-03-01 18:00:00','0001-01-01 00:00:00','2017-11-06 10:36:42',NULL,'2017-11-06 10:36:42'),(272,'Julito class','dssdf',8,14,3,473,0,'2017-03-08 17:00:00','2017-03-08 18:00:00','0001-01-01 00:00:00','2017-11-06 10:36:42',NULL,'2017-11-06 10:36:42'),(273,'Julito class','dssdf',8,14,3,474,0,'2017-03-15 17:00:00','2017-03-15 18:00:00','0001-01-01 00:00:00','2017-11-06 10:36:42',NULL,'2017-11-06 10:36:42'),(274,'Julito class','dssdf',8,14,3,475,0,'2017-03-22 17:00:00','2017-03-22 18:00:00','0001-01-01 00:00:00','2017-11-06 10:36:42',NULL,'2017-11-06 10:36:42'),(275,'Julito class','dssdf',8,14,3,476,0,'2017-03-29 17:00:00','2017-03-29 18:00:00','0001-01-01 00:00:00','2017-11-06 10:36:42',NULL,'2017-11-06 10:36:42'),(276,'Julito class','dssdf',8,14,3,477,0,'2017-04-05 17:00:00','2017-04-05 18:00:00','0001-01-01 00:00:00','2017-11-06 10:36:42',NULL,'2017-11-06 10:36:42'),(277,'Julito class','dssdf',8,14,3,478,0,'2017-04-12 17:00:00','2017-04-12 18:00:00','0001-01-01 00:00:00','2017-11-06 10:36:42',NULL,'2017-11-06 10:36:42'),(278,'Julito class','dssdf',8,14,3,479,0,'2017-04-19 17:00:00','2017-04-19 18:00:00','0001-01-01 00:00:00','2017-11-06 10:36:42',NULL,'2017-11-06 10:36:42'),(279,'Julito class','dssdf',8,14,3,480,0,'2017-04-26 17:00:00','2017-04-26 18:00:00','0001-01-01 00:00:00','2017-11-06 10:36:42',NULL,'2017-11-06 10:36:42'),(280,'Julito class','dssdf',8,14,3,481,0,'2017-05-03 17:00:00','2017-05-03 18:00:00','0001-01-01 00:00:00','2017-11-06 10:36:42',NULL,'2017-11-06 10:36:42'),(281,'Julito class','dssdf',8,14,3,482,0,'2017-05-10 17:00:00','2017-05-10 18:00:00','0001-01-01 00:00:00','2017-11-06 10:36:42',NULL,'2017-11-06 10:36:42'),(282,'Julito class','dssdf',8,14,3,483,0,'2017-05-17 17:00:00','2017-05-17 18:00:00','0001-01-01 00:00:00','2017-11-06 10:36:42',NULL,'2017-11-06 10:36:42'),(283,'Julito class','dssdf',8,14,3,484,0,'2017-05-24 17:00:00','2017-05-24 18:00:00','0001-01-01 00:00:00','2017-11-06 10:36:42',NULL,'2017-11-06 10:36:42'),(284,'Julito class','dssdf',8,14,3,485,0,'2017-05-31 17:00:00','2017-05-31 18:00:00','0001-01-01 00:00:00','2017-11-06 10:36:42',NULL,'2017-11-06 10:36:42'),(285,'Julito class','dssdf',8,14,3,486,0,'2017-06-07 17:00:00','2017-06-07 18:00:00','0001-01-01 00:00:00','2017-11-06 10:36:42',NULL,'2017-11-06 10:36:42'),(286,'Julito class','dssdf',8,14,3,487,0,'2017-06-14 17:00:00','2017-06-14 18:00:00','0001-01-01 00:00:00','2017-11-06 10:36:42',NULL,'2017-11-06 10:36:42'),(287,'Julito class','dssdf',8,14,3,488,0,'2017-06-21 17:00:00','2017-06-21 18:00:00','0001-01-01 00:00:00','2017-11-06 10:36:42',NULL,'2017-11-06 10:36:42'),(288,'Julito class','dssdf',8,14,3,489,0,'2017-06-28 17:00:00','2017-06-28 18:00:00','0001-01-01 00:00:00','2017-11-06 10:36:42',NULL,'2017-11-06 10:36:42'),(289,'Julito class','dssdf',8,14,3,490,0,'2017-07-05 17:00:00','2017-07-05 18:00:00','0001-01-01 00:00:00','2017-11-06 10:36:42',NULL,'2017-11-06 10:36:42'),(290,'Julito class','dssdf',8,14,3,491,0,'2017-07-12 17:00:00','2017-07-12 18:00:00','0001-01-01 00:00:00','2017-11-06 10:36:42',NULL,'2017-11-06 10:36:42'),(291,'Julito class','dssdf',8,14,3,492,0,'2017-07-19 17:00:00','2017-07-19 18:00:00','0001-01-01 00:00:00','2017-11-06 10:36:42',NULL,'2017-11-06 10:36:42'),(292,'Julito class','dssdf',8,14,3,493,0,'2017-07-26 17:00:00','2017-07-26 18:00:00','0001-01-01 00:00:00','2017-11-06 10:36:42',NULL,'2017-11-06 10:36:42'),(293,'Julito class','dssdf',8,14,3,494,0,'2017-08-02 17:00:00','2017-08-02 18:00:00','0001-01-01 00:00:00','2017-11-06 10:36:42',NULL,'2017-11-06 10:36:42'),(294,'Julito class','dssdf',8,14,3,495,0,'2017-08-09 17:00:00','2017-08-09 18:00:00','0001-01-01 00:00:00','2017-11-06 10:36:42',NULL,'2017-11-06 10:36:42'),(295,'Julito class','dssdf',8,14,3,496,0,'2017-08-16 17:00:00','2017-08-16 18:00:00','0001-01-01 00:00:00','2017-11-06 10:36:42',NULL,'2017-11-06 10:36:42'),(296,'Julito class','dssdf',8,14,3,497,0,'2017-08-23 17:00:00','2017-08-23 18:00:00','0001-01-01 00:00:00','2017-11-06 10:36:42',NULL,'2017-11-06 10:36:42'),(297,'Julito class','dssdf',8,14,3,498,0,'2017-08-30 17:00:00','2017-08-30 18:00:00','0001-01-01 00:00:00','2017-11-06 10:36:42',NULL,'2017-11-06 10:36:42'),(298,'Julito class','dssdf',8,14,3,499,0,'2017-09-06 17:00:00','2017-09-06 18:00:00','0001-01-01 00:00:00','2017-11-06 10:36:42',NULL,'2017-11-06 10:36:42'),(299,'Julito class','dssdf',8,14,3,500,0,'2017-09-13 17:00:00','2017-09-13 18:00:00','0001-01-01 00:00:00','2017-11-06 10:36:42',NULL,'2017-11-06 10:36:42'),(300,'Julito class','dssdf',8,14,3,501,0,'2017-09-20 17:00:00','2017-09-20 18:00:00','0001-01-01 00:00:00','2017-11-06 10:36:42',NULL,'2017-11-06 10:36:42'),(301,'Julito class','dssdf',8,14,3,502,0,'2017-09-27 17:00:00','2017-09-27 18:00:00','0001-01-01 00:00:00','2017-11-06 10:36:42',NULL,'2017-11-06 10:36:42'),(302,'Julito class','dssdf',8,14,3,503,0,'2017-10-04 17:00:00','2017-10-04 18:00:00','0001-01-01 00:00:00','2017-11-06 10:36:42',NULL,'2017-11-06 10:36:42'),(303,'Julito class','dssdf',8,14,3,504,0,'2017-10-11 17:00:00','2017-10-11 18:00:00','0001-01-01 00:00:00','2017-11-06 10:36:42',NULL,'2017-11-06 10:36:42'),(304,'Julito class','dssdf',8,14,3,505,0,'2017-10-18 17:00:00','2017-10-18 18:00:00','0001-01-01 00:00:00','2017-11-06 10:36:42',NULL,'2017-11-06 10:36:42'),(305,'Julito class','dssdf',8,14,3,506,0,'2017-10-25 17:00:00','2017-10-25 18:00:00','0001-01-01 00:00:00','2017-11-06 10:36:42',NULL,'2017-11-06 10:36:42'),(306,'Julito class','dssdf',8,14,3,507,0,'2017-11-01 17:00:00','2017-11-01 18:00:00','0001-01-01 00:00:00','2017-11-06 10:36:42',NULL,'2017-11-06 10:36:42'),(307,'Julito class','dssdf',8,14,3,508,0,'2017-11-08 17:00:00','2017-11-08 18:00:00','0001-01-01 00:00:00','2017-11-06 10:36:42',NULL,'2017-11-06 10:36:42'),(308,'Julito class','dssdf',8,14,3,509,0,'2017-11-15 17:00:00','2017-11-15 18:00:00','0001-01-01 00:00:00','2017-11-06 10:36:42',NULL,'2017-11-06 10:36:42'),(309,'Julito class','dssdf',8,14,3,510,0,'2017-11-22 17:00:00','2017-11-22 18:00:00','0001-01-01 00:00:00','2017-11-06 10:36:42',NULL,'2017-11-06 10:36:42'),(310,'Julito class','dssdf',8,14,3,511,0,'2017-11-29 17:00:00','2017-11-29 18:00:00','0001-01-01 00:00:00','2017-11-06 10:36:42',NULL,'2017-11-06 10:36:42'),(311,'Julito class','dssdf',8,14,3,512,0,'2017-12-06 17:00:00','2017-12-06 18:00:00','0001-01-01 00:00:00','2017-11-06 10:36:42',NULL,'2017-11-06 10:36:42'),(312,'Julito class','dssdf',8,14,3,513,0,'2017-12-13 17:00:00','2017-12-13 18:00:00','0001-01-01 00:00:00','2017-11-06 10:36:42',NULL,'2017-11-06 10:36:42'),(313,'Julito class','dssdf',8,14,3,514,0,'2017-12-20 17:00:00','2017-12-20 18:00:00','0001-01-01 00:00:00','2017-11-06 10:36:42',NULL,'2017-11-06 10:36:42'),(314,'Julito class','dssdf',8,14,3,515,0,'2017-12-27 17:00:00','2017-12-27 18:00:00','0001-01-01 00:00:00','2017-11-06 10:36:42',NULL,'2017-11-06 10:36:42');
/*!40000 ALTER TABLE `detalleevento` ENABLE KEYS */;
UNLOCK TABLES;

--
-- Table structure for table `domicilio`
--

DROP TABLE IF EXISTS `domicilio`;
/*!40101 SET @saved_cs_client     = @@character_set_client */;
/*!40101 SET character_set_client = utf8 */;
CREATE TABLE `domicilio` (
  `id` int(11) NOT NULL AUTO_INCREMENT,
  `barrio` longtext,
  `calle` longtext,
  `piso` longtext,
  `nro` longtext,
  `codPostal` int(11) NOT NULL,
  `depto` longtext,
  PRIMARY KEY (`id`)
) ENGINE=InnoDB AUTO_INCREMENT=5 DEFAULT CHARSET=utf8;
/*!40101 SET character_set_client = @saved_cs_client */;

--
-- Dumping data for table `domicilio`
--

LOCK TABLES `domicilio` WRITE;
/*!40000 ALTER TABLE `domicilio` DISABLE KEYS */;
INSERT INTO `domicilio` VALUES (1,NULL,NULL,NULL,NULL,0,NULL),(3,'','','','',0,''),(4,'Hipolito Yrigoyen','fvdv','','',0,'');
/*!40000 ALTER TABLE `domicilio` ENABLE KEYS */;
UNLOCK TABLES;

--
-- Table structure for table `encargado`
--

DROP TABLE IF EXISTS `encargado`;
/*!40101 SET @saved_cs_client     = @@character_set_client */;
/*!40101 SET character_set_client = utf8 */;
CREATE TABLE `encargado` (
  `id` int(11) NOT NULL AUTO_INCREMENT,
  `nombre` longtext,
  `apellido` longtext,
  `telefono` longtext,
  `celular` longtext,
  `email` longtext,
  `idTipoDoc` int(11) NOT NULL,
  `nroDocumento` longtext,
  `idDomicilio` int(11) NOT NULL,
  `fechaCreacion` datetime NOT NULL,
  `fechaBaja` datetime DEFAULT NULL,
  `fechaModificacion` datetime DEFAULT NULL,
  PRIMARY KEY (`id`),
  KEY `IX_idTipoDoc` (`idTipoDoc`) USING HASH,
  KEY `IX_idDomicilio` (`idDomicilio`) USING HASH,
  CONSTRAINT `FK_Encargado_TipoDocumento_idTipoDoc` FOREIGN KEY (`idTipoDoc`) REFERENCES `tipodocumento` (`id`) ON DELETE CASCADE ON UPDATE CASCADE
) ENGINE=InnoDB AUTO_INCREMENT=9 DEFAULT CHARSET=utf8;
/*!40101 SET character_set_client = @saved_cs_client */;

--
-- Dumping data for table `encargado`
--

LOCK TABLES `encargado` WRITE;
/*!40000 ALTER TABLE `encargado` DISABLE KEYS */;
INSERT INTO `encargado` VALUES (1,'Augusto','Galan',NULL,NULL,NULL,1,'2342',1,'0001-01-01 00:00:00',NULL,NULL),(8,'fdvdfvdfv','dfvdfvdfv',NULL,NULL,'',1,NULL,4,'2017-11-03 09:24:18',NULL,NULL);
/*!40000 ALTER TABLE `encargado` ENABLE KEYS */;
UNLOCK TABLES;

--
-- Table structure for table `encargadotags`
--

DROP TABLE IF EXISTS `encargadotags`;
/*!40101 SET @saved_cs_client     = @@character_set_client */;
/*!40101 SET character_set_client = utf8 */;
CREATE TABLE `encargadotags` (
  `Encargado_id` int(11) NOT NULL,
  `Tag_id` int(11) NOT NULL,
  PRIMARY KEY (`Encargado_id`,`Tag_id`),
  KEY `IX_Encargado_id` (`Encargado_id`) USING HASH,
  KEY `IX_Tag_id` (`Tag_id`) USING HASH,
  CONSTRAINT `FK_EncargadoTags_Encargado_Encargado_id` FOREIGN KEY (`Encargado_id`) REFERENCES `encargado` (`id`) ON DELETE CASCADE ON UPDATE CASCADE,
  CONSTRAINT `FK_EncargadoTags_Tags_Tag_id` FOREIGN KEY (`Tag_id`) REFERENCES `tags` (`id`) ON DELETE CASCADE ON UPDATE CASCADE
) ENGINE=InnoDB DEFAULT CHARSET=utf8;
/*!40101 SET character_set_client = @saved_cs_client */;

--
-- Dumping data for table `encargadotags`
--

LOCK TABLES `encargadotags` WRITE;
/*!40000 ALTER TABLE `encargadotags` DISABLE KEYS */;
/*!40000 ALTER TABLE `encargadotags` ENABLE KEYS */;
UNLOCK TABLES;

--
-- Table structure for table `espaciocomun`
--

DROP TABLE IF EXISTS `espaciocomun`;
/*!40101 SET @saved_cs_client     = @@character_set_client */;
/*!40101 SET character_set_client = utf8 */;
CREATE TABLE `espaciocomun` (
  `id` int(11) NOT NULL AUTO_INCREMENT,
  `nombre` longtext,
  `descripcion` longtext,
  `capacidad` int(11) NOT NULL,
  `fechaCreacion` datetime NOT NULL,
  `fechaBaja` datetime DEFAULT NULL,
  `fechaModificacion` datetime DEFAULT NULL,
  `idTipoEspacio` int(11) NOT NULL,
  `estado` int(11) NOT NULL,
  PRIMARY KEY (`id`)
) ENGINE=InnoDB AUTO_INCREMENT=6 DEFAULT CHARSET=utf8;
/*!40101 SET character_set_client = @saved_cs_client */;

--
-- Dumping data for table `espaciocomun`
--

LOCK TABLES `espaciocomun` WRITE;
/*!40000 ALTER TABLE `espaciocomun` DISABLE KEYS */;
INSERT INTO `espaciocomun` VALUES (1,'Aula 205','---',20,'0001-01-01 00:00:00',NULL,NULL,0,0),(2,'Aula 23','---',20,'0001-01-01 00:00:00',NULL,'2017-08-28 18:45:55',0,0),(3,'Aula 1','---',20,'0001-01-01 00:00:00',NULL,NULL,0,0),(4,'Aula 434','---',20,'0001-01-01 00:00:00',NULL,NULL,0,0),(5,'Aula 54','---',20,'0001-01-01 00:00:00',NULL,NULL,0,0);
/*!40000 ALTER TABLE `espaciocomun` ENABLE KEYS */;
UNLOCK TABLES;

--
-- Table structure for table `evento`
--

DROP TABLE IF EXISTS `evento`;
/*!40101 SET @saved_cs_client     = @@character_set_client */;
/*!40101 SET character_set_client = utf8 */;
CREATE TABLE `evento` (
  `id` int(11) NOT NULL AUTO_INCREMENT,
  `cupoMaximo` int(11) NOT NULL,
  `cupoMinimo` int(11) NOT NULL,
  `nombre` longtext,
  `monto` float NOT NULL,
  `descripcion` longtext,
  `estado` int(11) NOT NULL,
  `idEspacio` int(11) NOT NULL,
  `idTipoEvento` int(11) NOT NULL,
  `idEncargado` int(11) NOT NULL,
  `fechaDesde` datetime NOT NULL,
  `fechaHasta` datetime NOT NULL,
  `fechaDesdeInscripcion` datetime NOT NULL,
  `fechaHastaInscripcion` datetime NOT NULL,
  `fechaCreacion` datetime NOT NULL,
  `fechaBaja` datetime DEFAULT NULL,
  `fechaModificacion` datetime DEFAULT NULL,
  PRIMARY KEY (`id`),
  KEY `IX_idEspacio` (`idEspacio`) USING HASH,
  KEY `IX_idTipoEvento` (`idTipoEvento`) USING HASH,
  KEY `IX_idEncargado` (`idEncargado`) USING HASH,
  CONSTRAINT `FK_Evento_Encargado_idEncargado` FOREIGN KEY (`idEncargado`) REFERENCES `encargado` (`id`) ON DELETE CASCADE ON UPDATE CASCADE,
  CONSTRAINT `FK_Evento_EspacioComun_idEspacio` FOREIGN KEY (`idEspacio`) REFERENCES `espaciocomun` (`id`) ON DELETE CASCADE ON UPDATE CASCADE,
  CONSTRAINT `FK_Evento_TipoEvento_idTipoEvento` FOREIGN KEY (`idTipoEvento`) REFERENCES `tipoevento` (`id`) ON DELETE CASCADE ON UPDATE CASCADE
) ENGINE=InnoDB AUTO_INCREMENT=15 DEFAULT CHARSET=utf8;
/*!40101 SET character_set_client = @saved_cs_client */;

--
-- Dumping data for table `evento`
--

LOCK TABLES `evento` WRITE;
/*!40000 ALTER TABLE `evento` DISABLE KEYS */;
INSERT INTO `evento` VALUES (13,3,1,'trdcgfg',0,'dfvdfv',0,5,3,1,'2017-01-02 01:00:00','2019-01-01 01:00:00','2017-01-01 01:00:00','2017-04-01 14:00:00','0001-01-01 00:00:00',NULL,'2017-11-05 16:43:18'),(14,10,10,'Julito class',0,'dssdf',0,3,2,8,'2017-01-01 13:00:00','2018-01-01 01:00:00','2017-01-01 02:00:00','2017-01-01 01:00:00','0001-01-01 00:00:00',NULL,'2017-11-06 10:36:42');
/*!40000 ALTER TABLE `evento` ENABLE KEYS */;
UNLOCK TABLES;

--
-- Table structure for table `inscripcion`
--

DROP TABLE IF EXISTS `inscripcion`;
/*!40101 SET @saved_cs_client     = @@character_set_client */;
/*!40101 SET character_set_client = utf8 */;
CREATE TABLE `inscripcion` (
  `id` int(11) NOT NULL AUTO_INCREMENT,
  `idEvento` int(11) NOT NULL,
  `idSocio` int(11) NOT NULL,
  `fechaCreacion` datetime NOT NULL,
  `fechaBaja` datetime DEFAULT NULL,
  `fechaModificacion` datetime DEFAULT NULL,
  PRIMARY KEY (`id`),
  KEY `IX_idEvento` (`idEvento`) USING HASH,
  KEY `IX_idSocio` (`idSocio`) USING HASH,
  CONSTRAINT `FK_Inscripcion_Evento_idEvento` FOREIGN KEY (`idEvento`) REFERENCES `evento` (`id`) ON DELETE CASCADE ON UPDATE CASCADE,
  CONSTRAINT `FK_Inscripcion_Socio_idSocio` FOREIGN KEY (`idSocio`) REFERENCES `socio` (`id`) ON DELETE CASCADE ON UPDATE CASCADE
) ENGINE=InnoDB AUTO_INCREMENT=6 DEFAULT CHARSET=utf8;
/*!40101 SET character_set_client = @saved_cs_client */;

--
-- Dumping data for table `inscripcion`
--

LOCK TABLES `inscripcion` WRITE;
/*!40000 ALTER TABLE `inscripcion` DISABLE KEYS */;
INSERT INTO `inscripcion` VALUES (3,13,8,'2017-11-05 22:16:15',NULL,'2017-11-05 22:16:27'),(4,13,10,'2017-11-09 14:44:18',NULL,'2017-11-05 22:16:39'),(5,13,7,'2017-11-15 14:44:31',NULL,'2017-11-05 22:16:39');
/*!40000 ALTER TABLE `inscripcion` ENABLE KEYS */;
UNLOCK TABLES;

--
-- Table structure for table `pago`
--

DROP TABLE IF EXISTS `pago`;
/*!40101 SET @saved_cs_client     = @@character_set_client */;
/*!40101 SET character_set_client = utf8 */;
CREATE TABLE `pago` (
  `id` int(11) NOT NULL AUTO_INCREMENT,
  `monto` float NOT NULL,
  `nroRecibo` int(11) NOT NULL,
  `idInscripcion` int(11) NOT NULL,
  `idAsociacion` int(11) NOT NULL,
  `fechaCobro` datetime NOT NULL,
  `fechaCreacion` datetime NOT NULL,
  `fechaBaja` datetime DEFAULT NULL,
  `fechaModificacion` datetime DEFAULT NULL,
  PRIMARY KEY (`id`),
  KEY `IX_idInscripcion` (`idInscripcion`) USING HASH,
  KEY `IX_idAsociacion` (`idAsociacion`) USING HASH,
  CONSTRAINT `FK_Pago_Asociacion_idAsociacion` FOREIGN KEY (`idAsociacion`) REFERENCES `asociacion` (`id`) ON DELETE CASCADE ON UPDATE CASCADE,
  CONSTRAINT `FK_Pago_Inscripcion_idInscripcion` FOREIGN KEY (`idInscripcion`) REFERENCES `inscripcion` (`id`) ON DELETE CASCADE ON UPDATE CASCADE
) ENGINE=InnoDB DEFAULT CHARSET=utf8;
/*!40101 SET character_set_client = @saved_cs_client */;

--
-- Dumping data for table `pago`
--

LOCK TABLES `pago` WRITE;
/*!40000 ALTER TABLE `pago` DISABLE KEYS */;
/*!40000 ALTER TABLE `pago` ENABLE KEYS */;
UNLOCK TABLES;

--
-- Table structure for table `socio`
--

DROP TABLE IF EXISTS `socio`;
/*!40101 SET @saved_cs_client     = @@character_set_client */;
/*!40101 SET character_set_client = utf8 */;
CREATE TABLE `socio` (
  `id` int(11) NOT NULL AUTO_INCREMENT,
  `nombre` longtext,
  `apellido` longtext,
  `telefono` longtext,
  `celular` longtext,
  `email` longtext,
  `sexo` longtext,
  `estadoCivil` longtext,
  `idTipoDoc` int(11) NOT NULL,
  `nroDocumento` longtext,
  `idDomicilio` int(11) NOT NULL,
  `idContacto` int(11) NOT NULL,
  `fechaCreacion` datetime NOT NULL,
  `fechaNacimiento` datetime DEFAULT NULL,
  `fechaBaja` datetime DEFAULT NULL,
  `fechaModificacion` datetime DEFAULT NULL,
  `Evento_id` int(11) DEFAULT NULL,
  PRIMARY KEY (`id`),
  KEY `IX_idTipoDoc` (`idTipoDoc`) USING HASH,
  KEY `IX_idDomicilio` (`idDomicilio`) USING HASH,
  KEY `IX_idContacto` (`idContacto`) USING HASH,
  KEY `IX_Evento_id` (`Evento_id`) USING HASH,
  CONSTRAINT `FK_Socio_Contacto_idContacto` FOREIGN KEY (`idContacto`) REFERENCES `contacto` (`id`) ON DELETE CASCADE ON UPDATE CASCADE,
  CONSTRAINT `FK_Socio_Domicilio_idDomicilio` FOREIGN KEY (`idDomicilio`) REFERENCES `domicilio` (`id`) ON DELETE CASCADE ON UPDATE CASCADE,
  CONSTRAINT `FK_Socio_Evento_Evento_id` FOREIGN KEY (`Evento_id`) REFERENCES `evento` (`id`),
  CONSTRAINT `FK_Socio_TipoDocumento_idTipoDoc` FOREIGN KEY (`idTipoDoc`) REFERENCES `tipodocumento` (`id`) ON DELETE CASCADE ON UPDATE CASCADE
) ENGINE=InnoDB AUTO_INCREMENT=278 DEFAULT CHARSET=utf8;
/*!40101 SET character_set_client = @saved_cs_client */;

--
-- Dumping data for table `socio`
--

LOCK TABLES `socio` WRITE;
/*!40000 ALTER TABLE `socio` DISABLE KEYS */;
INSERT INTO `socio` VALUES (2,'Lucas','González',NULL,NULL,'','M',NULL,1,NULL,3,2,'2017-10-30 01:10:13','1988-12-27 11:57:02',NULL,NULL,NULL),(3,'Edith','dcsdc',NULL,NULL,NULL,'F','',1,NULL,3,2,'2017-11-03 01:16:15','1988-12-27 11:57:02',NULL,'2017-11-05 20:15:57',NULL),(4,'Edgardo','dcsddc',NULL,NULL,NULL,'M',NULL,1,NULL,3,2,'2017-11-03 01:16:15',NULL,NULL,NULL,NULL),(5,'Edmundo','dcsddc',NULL,NULL,NULL,'M',NULL,1,NULL,3,2,'2017-11-03 01:16:15','2000-02-08 11:56:52',NULL,NULL,NULL),(6,'Eduardo','dcsddc',NULL,NULL,NULL,'M',NULL,1,NULL,3,2,'2017-11-03 01:16:15',NULL,NULL,NULL,NULL),(7,'Efraín','dcsddc',NULL,NULL,NULL,'M',NULL,1,NULL,3,2,'2017-11-03 01:16:15','1988-12-27 11:57:02',NULL,NULL,NULL),(8,'Efrén','dcsddc',NULL,NULL,NULL,'M',NULL,1,NULL,3,2,'2017-11-03 01:16:15','1988-12-27 11:57:02',NULL,NULL,NULL),(9,'Adela','dcsddc',NULL,NULL,NULL,'F',NULL,1,NULL,3,2,'2017-11-03 01:16:15','1988-12-27 11:57:02',NULL,NULL,NULL),(10,'Adega','dcsddc',NULL,NULL,NULL,'F',NULL,1,NULL,3,2,'2017-11-03 01:16:15','1988-12-27 11:57:02',NULL,NULL,NULL),(11,'Adoracio','dcsddc',NULL,NULL,NULL,'F',NULL,1,NULL,3,2,'2017-11-03 01:16:15','1988-12-27 11:57:02',NULL,NULL,NULL),(12,'Agar','dcsddc',NULL,NULL,NULL,'F',NULL,1,NULL,3,2,'2017-11-03 01:16:15',NULL,NULL,NULL,NULL),(13,'Agata','dcsddc',NULL,NULL,NULL,'F',NULL,1,NULL,3,2,'2017-11-03 01:16:15','1948-06-27 11:57:02',NULL,NULL,NULL),(14,'Berta','dcsddc',NULL,NULL,NULL,'F',NULL,1,NULL,3,2,'2017-11-03 01:16:15','2017-11-05 14:01:03',NULL,NULL,NULL),(15,'Belinda','dcsddc',NULL,NULL,NULL,'F',NULL,1,NULL,3,2,'2017-11-03 01:16:15','1988-12-27 11:57:02',NULL,NULL,NULL),(16,'Bella','dcsddc',NULL,NULL,NULL,'F',NULL,1,NULL,3,2,'2017-11-03 01:16:15','1988-12-27 11:57:02',NULL,NULL,NULL),(17,'Brenda','dcsddc',NULL,NULL,NULL,'F',NULL,1,NULL,3,2,'2017-11-03 01:16:15','1988-12-27 11:57:02',NULL,NULL,NULL),(18,'Bruna','dcsddc',NULL,NULL,NULL,'F',NULL,1,NULL,3,2,'2017-11-03 01:16:15','1981-06-23 11:57:02',NULL,NULL,NULL),(19,'Brunilda','dcsddc',NULL,NULL,NULL,'F',NULL,1,NULL,3,2,'2017-11-03 01:16:15','1988-12-27 11:57:02',NULL,NULL,NULL),(20,'Branca','dcsddc',NULL,NULL,NULL,'F',NULL,1,NULL,3,2,'2017-11-03 01:16:15','1988-12-27 11:57:02',NULL,NULL,NULL),(21,'Celeste','dcsddc',NULL,NULL,NULL,'F',NULL,1,NULL,3,2,'2017-11-03 01:16:15','1988-12-27 11:57:02',NULL,NULL,NULL),(22,'Clara','dcsddc',NULL,NULL,NULL,'F',NULL,1,NULL,3,2,'2017-11-03 01:16:15','1981-06-23 11:57:02',NULL,NULL,NULL),(23,'Claudia','dcsddc',NULL,NULL,NULL,'F',NULL,1,NULL,3,2,'2017-11-03 01:16:15','1948-06-27 11:57:02',NULL,NULL,NULL),(24,'Cloe','dcsddc',NULL,NULL,NULL,'F',NULL,1,NULL,3,2,'2017-11-03 01:16:15','1948-06-27 11:57:02',NULL,NULL,NULL),(25,'Coloma','dcsddc',NULL,NULL,NULL,'F',NULL,1,NULL,3,2,'2017-11-03 01:16:15','1948-06-27 11:57:02',NULL,NULL,NULL),(26,'Columba','dcsddc',NULL,NULL,NULL,'F',NULL,1,NULL,3,2,'2017-11-03 01:16:15','1948-06-27 11:57:02',NULL,NULL,NULL),(27,'Concepción','dcsddc',NULL,NULL,NULL,'F',NULL,1,NULL,3,2,'2017-11-03 01:16:15','1948-06-27 11:57:02',NULL,NULL,NULL),(28,'Cecilia','dcsddc',NULL,NULL,NULL,'F',NULL,1,NULL,3,2,'2017-11-03 01:16:15','1948-06-27 11:57:02',NULL,NULL,NULL),(29,'Celina','dcsddc',NULL,NULL,NULL,'F',NULL,1,NULL,3,2,'2017-11-03 01:16:15','1948-06-27 11:57:02',NULL,NULL,NULL),(30,'Dafne','dcsddc',NULL,NULL,NULL,'F',NULL,1,NULL,3,2,'2017-10-03 01:16:15','1948-06-27 11:57:02',NULL,NULL,NULL),(31,'Dana','dcsddc',NULL,NULL,NULL,'F',NULL,1,NULL,3,2,'2017-10-03 01:16:15','1948-06-27 11:57:02',NULL,NULL,NULL),(32,'Delia','dcsddc',NULL,NULL,NULL,'F',NULL,1,NULL,3,2,'2017-10-03 01:16:15','1948-06-27 11:57:02',NULL,NULL,NULL),(33,'Diamante','dcsddc',NULL,NULL,NULL,'F',NULL,1,NULL,3,2,'2017-10-03 01:16:15','1948-06-27 11:57:02',NULL,NULL,NULL),(34,'Dionisia','dcsddc',NULL,NULL,NULL,'F',NULL,1,NULL,3,2,'2017-10-03 01:16:15','1948-06-27 11:57:02',NULL,NULL,NULL),(35,'Elbir','dcsddc',NULL,NULL,NULL,'F',NULL,1,NULL,3,2,'2017-10-03 01:16:15','1948-06-27 11:57:02',NULL,NULL,NULL),(36,'Eines','dcsddc',NULL,NULL,NULL,'F',NULL,1,NULL,3,2,'2017-10-03 01:16:15','1948-06-27 11:57:02',NULL,NULL,NULL),(37,'Elisabet','dcsddc',NULL,NULL,NULL,'F',NULL,1,NULL,3,2,'2017-10-03 01:16:15','1948-06-27 11:57:02',NULL,NULL,NULL),(38,'Fe','dcsddc',NULL,NULL,NULL,'F',NULL,1,NULL,3,2,'2017-10-03 01:16:15','1948-06-27 11:57:02',NULL,NULL,NULL),(39,'Fedora','dcsddc',NULL,NULL,NULL,'F',NULL,1,NULL,3,2,'2017-10-03 01:16:15','1948-06-27 11:57:02',NULL,NULL,NULL),(40,'Filomena','dcsddc',NULL,NULL,NULL,'F',NULL,1,NULL,3,2,'2017-09-03 01:16:15','1948-06-27 11:57:02',NULL,NULL,NULL),(41,'Francisca','dcsddc',NULL,NULL,NULL,'F',NULL,1,NULL,3,2,'2017-09-03 01:16:15','1981-06-23 11:57:02',NULL,NULL,NULL),(42,'Felisa','dcsddc',NULL,NULL,NULL,'F',NULL,1,NULL,3,2,'2017-09-03 01:16:15','1981-06-23 11:57:02',NULL,NULL,NULL),(43,'Gabriela','dcsddc',NULL,NULL,NULL,'F',NULL,1,NULL,3,2,'2017-09-03 01:16:15','1981-06-23 11:57:02',NULL,NULL,NULL),(44,'Georgina','dcsddc',NULL,NULL,NULL,'F',NULL,1,NULL,3,2,'2017-09-03 01:16:15','1981-06-23 11:57:02',NULL,NULL,NULL),(45,'Genoveva','dcsddc',NULL,NULL,NULL,'F',NULL,1,NULL,3,2,'2017-09-03 01:16:15','1981-06-23 11:57:02',NULL,NULL,NULL),(46,'Gloria','dcsddc',NULL,NULL,NULL,'F',NULL,1,NULL,3,2,'2017-09-03 01:16:15','1981-06-23 11:57:02',NULL,NULL,NULL),(47,'Ornella','dcsddc',NULL,NULL,NULL,'F',NULL,1,NULL,3,2,'2017-09-03 01:16:15','1981-06-23 11:57:02',NULL,NULL,NULL),(48,'Helena','dcsddc',NULL,NULL,NULL,'F',NULL,1,NULL,3,2,'2017-09-03 01:16:15','1981-06-23 11:57:02','2017-09-03 01:16:15',NULL,NULL),(49,'Helga','dcsddc',NULL,NULL,NULL,'F',NULL,1,NULL,3,2,'2017-09-03 01:16:15','1981-06-23 11:57:02','2017-09-03 01:16:15',NULL,NULL),(50,'Ines','dcsddc',NULL,NULL,NULL,'F',NULL,1,NULL,3,2,'2017-09-03 01:16:15','1981-06-23 11:57:02','2017-09-03 01:16:15',NULL,NULL),(51,'Inmaculada','dcsddc',NULL,NULL,NULL,'F',NULL,1,NULL,3,2,'2017-09-03 01:16:15','1981-06-23 11:57:02','2017-09-03 01:16:15',NULL,NULL),(52,'Irene','dcsddc',NULL,NULL,NULL,'F',NULL,1,NULL,3,2,'2017-09-03 01:16:15',NULL,'2017-09-03 01:16:15',NULL,NULL),(53,'Jade','dcsddc',NULL,NULL,NULL,'F',NULL,1,NULL,3,2,'2017-09-03 01:16:15',NULL,'2017-09-03 01:16:15',NULL,NULL),(54,'Jennifer','dcsddc',NULL,NULL,NULL,'F',NULL,1,NULL,3,2,'2017-09-03 01:16:15','1981-06-23 11:57:02','2017-10-03 01:16:15',NULL,NULL),(55,'Joaquina','dcsddc',NULL,NULL,NULL,'F',NULL,1,NULL,3,2,'2017-09-03 01:16:15',NULL,'2017-10-03 01:16:15',NULL,NULL),(56,'Jasmina','dcsddc',NULL,NULL,NULL,'F',NULL,1,NULL,3,2,'2017-09-03 01:16:15','1981-06-23 11:57:02','2017-10-03 01:16:15',NULL,NULL),(57,'Karina','dcsddc',NULL,NULL,NULL,'F',NULL,1,NULL,3,2,'2017-09-03 01:16:15','1981-06-23 11:57:02','2017-10-03 01:16:15',NULL,NULL),(58,'Leticia','dcsddc',NULL,NULL,NULL,'F',NULL,1,NULL,3,2,'2017-09-03 01:16:15','1981-06-23 11:57:02','2017-10-03 01:16:15',NULL,NULL),(59,'Lidia','dcsddc',NULL,NULL,NULL,'F',NULL,1,NULL,3,2,'2017-08-01 01:16:15','1981-06-23 11:57:02','2017-08-01 01:16:15',NULL,NULL),(60,'Liliana','dcsddc',NULL,NULL,NULL,'F',NULL,1,NULL,3,2,'2017-09-03 01:16:15','1981-06-23 11:57:02','2017-11-03 01:16:15',NULL,NULL),(61,'Laura','dcsddc',NULL,NULL,NULL,'F',NULL,1,NULL,3,2,'2017-09-03 01:16:15','1981-06-23 11:57:02','2017-11-03 01:16:15',NULL,NULL),(62,'Macarena','dcsddc',NULL,NULL,NULL,'F',NULL,1,NULL,3,2,'2017-09-03 01:16:15','1981-06-23 11:57:02','2017-11-03 01:16:15',NULL,NULL),(63,'Magdalena','dcsddc',NULL,NULL,NULL,'F',NULL,1,NULL,3,2,'2017-09-03 01:16:15','1981-06-23 11:57:02','2017-11-03 01:16:15',NULL,NULL),(64,'Mafalda','dcsddc',NULL,NULL,NULL,'F',NULL,1,NULL,3,2,'2017-09-03 01:16:15','1981-06-23 11:57:02','2017-11-03 01:16:15',NULL,NULL),(65,'María','dcsddc',NULL,NULL,NULL,'F',NULL,1,NULL,3,2,'2017-09-03 01:16:15','1981-06-23 11:57:02','2017-11-03 01:16:15',NULL,NULL),(222,'Nadia',NULL,NULL,NULL,NULL,'F',NULL,1,NULL,3,2,'0000-00-00 00:00:00',NULL,NULL,NULL,NULL),(223,'Natalia',NULL,NULL,NULL,NULL,'F',NULL,1,NULL,3,2,'0000-00-00 00:00:00',NULL,NULL,NULL,NULL),(224,'Norma',NULL,NULL,NULL,NULL,'F',NULL,1,NULL,3,2,'0000-00-00 00:00:00',NULL,NULL,NULL,NULL),(225,'Noemí',NULL,NULL,NULL,NULL,'F',NULL,1,NULL,3,2,'0000-00-00 00:00:00',NULL,NULL,NULL,NULL),(254,'Octavia',NULL,NULL,NULL,NULL,'F',NULL,1,NULL,3,2,'0000-00-00 00:00:00',NULL,NULL,NULL,NULL),(255,'Olga',NULL,NULL,NULL,NULL,'F',NULL,1,NULL,3,2,'0000-00-00 00:00:00',NULL,NULL,NULL,NULL),(256,'Olivia',NULL,NULL,NULL,NULL,'F',NULL,1,NULL,3,2,'0000-00-00 00:00:00',NULL,NULL,NULL,NULL),(257,'Patricia',NULL,NULL,NULL,NULL,'F',NULL,1,NULL,3,2,'0000-00-00 00:00:00',NULL,NULL,NULL,NULL),(258,'Paloma',NULL,NULL,NULL,NULL,'F',NULL,1,NULL,3,2,'0000-00-00 00:00:00',NULL,NULL,NULL,NULL),(259,'Pamena',NULL,NULL,NULL,NULL,'F',NULL,1,NULL,3,2,'0000-00-00 00:00:00',NULL,NULL,NULL,NULL),(260,'Pandora',NULL,NULL,NULL,NULL,'F',NULL,1,NULL,3,2,'0000-00-00 00:00:00',NULL,NULL,NULL,NULL),(261,'Penélope',NULL,NULL,NULL,NULL,'F',NULL,1,NULL,3,2,'0000-00-00 00:00:00',NULL,NULL,NULL,NULL),(262,'Petra',NULL,NULL,NULL,NULL,'F',NULL,1,NULL,3,2,'0000-00-00 00:00:00',NULL,NULL,NULL,NULL),(263,'Ramona',NULL,NULL,NULL,NULL,'F',NULL,1,NULL,3,2,'0000-00-00 00:00:00',NULL,NULL,NULL,NULL),(264,'Raquel',NULL,NULL,NULL,NULL,'F',NULL,1,NULL,3,2,'0000-00-00 00:00:00',NULL,NULL,NULL,NULL),(265,'Rocío',NULL,NULL,NULL,NULL,'F',NULL,1,NULL,3,2,'0000-00-00 00:00:00',NULL,NULL,NULL,NULL),(266,'Romina',NULL,NULL,NULL,NULL,'F',NULL,1,NULL,3,2,'0000-00-00 00:00:00',NULL,NULL,NULL,NULL),(267,'Rosa',NULL,NULL,NULL,NULL,'F',NULL,1,NULL,3,2,'0000-00-00 00:00:00',NULL,NULL,NULL,NULL),(268,'Sabina',NULL,NULL,NULL,NULL,'F',NULL,1,NULL,3,2,'0000-00-00 00:00:00',NULL,NULL,NULL,NULL),(269,'Sabrina',NULL,NULL,NULL,NULL,'F',NULL,1,NULL,3,2,'0000-00-00 00:00:00',NULL,NULL,NULL,NULL),(270,'Sara',NULL,NULL,NULL,NULL,'F',NULL,1,NULL,3,2,'0000-00-00 00:00:00',NULL,NULL,NULL,NULL),(271,'Serena',NULL,NULL,NULL,NULL,'F',NULL,1,NULL,3,2,'0000-00-00 00:00:00',NULL,NULL,NULL,NULL),(272,'Sofía',NULL,NULL,NULL,NULL,'F',NULL,1,NULL,3,2,'0000-00-00 00:00:00',NULL,NULL,NULL,NULL),(273,'Teresa',NULL,NULL,NULL,NULL,'F',NULL,1,NULL,3,2,'0000-00-00 00:00:00',NULL,NULL,NULL,NULL),(274,'Teordora',NULL,NULL,NULL,NULL,'F',NULL,1,NULL,3,2,'0000-00-00 00:00:00',NULL,NULL,NULL,NULL),(275,'Tea',NULL,NULL,NULL,NULL,'F',NULL,1,NULL,3,2,'0000-00-00 00:00:00',NULL,NULL,NULL,NULL),(276,'Tatiana',NULL,NULL,NULL,NULL,'F',NULL,1,NULL,3,2,'0000-00-00 00:00:00',NULL,NULL,NULL,NULL),(277,'Teresa',NULL,NULL,NULL,NULL,'F',NULL,1,NULL,3,2,'0000-00-00 00:00:00',NULL,NULL,NULL,NULL);
/*!40000 ALTER TABLE `socio` ENABLE KEYS */;
UNLOCK TABLES;

--
-- Table structure for table `socioasistencias`
--

DROP TABLE IF EXISTS `socioasistencias`;
/*!40101 SET @saved_cs_client     = @@character_set_client */;
/*!40101 SET character_set_client = utf8 */;
CREATE TABLE `socioasistencias` (
  `Socio_id` int(11) NOT NULL,
  `Asistencia_id` int(11) NOT NULL,
  PRIMARY KEY (`Socio_id`,`Asistencia_id`),
  KEY `IX_Socio_id` (`Socio_id`) USING HASH,
  KEY `IX_Asistencia_id` (`Asistencia_id`) USING HASH,
  CONSTRAINT `FK_SocioAsistencias_Asistencia_Asistencia_id` FOREIGN KEY (`Asistencia_id`) REFERENCES `asistencia` (`id`) ON DELETE CASCADE ON UPDATE CASCADE,
  CONSTRAINT `FK_SocioAsistencias_Socio_Socio_id` FOREIGN KEY (`Socio_id`) REFERENCES `socio` (`id`) ON DELETE CASCADE ON UPDATE CASCADE
) ENGINE=InnoDB DEFAULT CHARSET=utf8;
/*!40101 SET character_set_client = @saved_cs_client */;

--
-- Dumping data for table `socioasistencias`
--

LOCK TABLES `socioasistencias` WRITE;
/*!40000 ALTER TABLE `socioasistencias` DISABLE KEYS */;
INSERT INTO `socioasistencias` VALUES (7,360),(7,365),(8,361),(8,362),(8,365),(10,361),(10,362),(10,365);
/*!40000 ALTER TABLE `socioasistencias` ENABLE KEYS */;
UNLOCK TABLES;

--
-- Table structure for table `tagespaciocomuns`
--

DROP TABLE IF EXISTS `tagespaciocomuns`;
/*!40101 SET @saved_cs_client     = @@character_set_client */;
/*!40101 SET character_set_client = utf8 */;
CREATE TABLE `tagespaciocomuns` (
  `Tag_id` int(11) NOT NULL,
  `EspacioComun_id` int(11) NOT NULL,
  PRIMARY KEY (`Tag_id`,`EspacioComun_id`),
  KEY `IX_Tag_id` (`Tag_id`) USING HASH,
  KEY `IX_EspacioComun_id` (`EspacioComun_id`) USING HASH,
  CONSTRAINT `FK_TagEspacioComuns_EspacioComun_EspacioComun_id` FOREIGN KEY (`EspacioComun_id`) REFERENCES `espaciocomun` (`id`) ON DELETE CASCADE ON UPDATE CASCADE,
  CONSTRAINT `FK_TagEspacioComuns_Tags_Tag_id` FOREIGN KEY (`Tag_id`) REFERENCES `tags` (`id`) ON DELETE CASCADE ON UPDATE CASCADE
) ENGINE=InnoDB DEFAULT CHARSET=utf8;
/*!40101 SET character_set_client = @saved_cs_client */;

--
-- Dumping data for table `tagespaciocomuns`
--

LOCK TABLES `tagespaciocomuns` WRITE;
/*!40000 ALTER TABLE `tagespaciocomuns` DISABLE KEYS */;
/*!40000 ALTER TABLE `tagespaciocomuns` ENABLE KEYS */;
UNLOCK TABLES;

--
-- Table structure for table `tageventoes`
--

DROP TABLE IF EXISTS `tageventoes`;
/*!40101 SET @saved_cs_client     = @@character_set_client */;
/*!40101 SET character_set_client = utf8 */;
CREATE TABLE `tageventoes` (
  `Tag_id` int(11) NOT NULL,
  `Evento_id` int(11) NOT NULL,
  PRIMARY KEY (`Tag_id`,`Evento_id`),
  KEY `IX_Tag_id` (`Tag_id`) USING HASH,
  KEY `IX_Evento_id` (`Evento_id`) USING HASH,
  CONSTRAINT `FK_TagEventoes_Evento_Evento_id` FOREIGN KEY (`Evento_id`) REFERENCES `evento` (`id`) ON DELETE CASCADE ON UPDATE CASCADE,
  CONSTRAINT `FK_TagEventoes_Tags_Tag_id` FOREIGN KEY (`Tag_id`) REFERENCES `tags` (`id`) ON DELETE CASCADE ON UPDATE CASCADE
) ENGINE=InnoDB DEFAULT CHARSET=utf8;
/*!40101 SET character_set_client = @saved_cs_client */;

--
-- Dumping data for table `tageventoes`
--

LOCK TABLES `tageventoes` WRITE;
/*!40000 ALTER TABLE `tageventoes` DISABLE KEYS */;
INSERT INTO `tageventoes` VALUES (1,13);
/*!40000 ALTER TABLE `tageventoes` ENABLE KEYS */;
UNLOCK TABLES;

--
-- Table structure for table `tags`
--

DROP TABLE IF EXISTS `tags`;
/*!40101 SET @saved_cs_client     = @@character_set_client */;
/*!40101 SET character_set_client = utf8 */;
CREATE TABLE `tags` (
  `id` int(11) NOT NULL AUTO_INCREMENT,
  `nombre` longtext,
  `descripcion` longtext,
  PRIMARY KEY (`id`)
) ENGINE=InnoDB AUTO_INCREMENT=3 DEFAULT CHARSET=utf8;
/*!40101 SET character_set_client = @saved_cs_client */;

--
-- Dumping data for table `tags`
--

LOCK TABLES `tags` WRITE;
/*!40000 ALTER TABLE `tags` DISABLE KEYS */;
INSERT INTO `tags` VALUES (1,'dcsdc',''),(2,'sdsd sdc','');
/*!40000 ALTER TABLE `tags` ENABLE KEYS */;
UNLOCK TABLES;

--
-- Table structure for table `tagsocios`
--

DROP TABLE IF EXISTS `tagsocios`;
/*!40101 SET @saved_cs_client     = @@character_set_client */;
/*!40101 SET character_set_client = utf8 */;
CREATE TABLE `tagsocios` (
  `Tag_id` int(11) NOT NULL,
  `Socio_id` int(11) NOT NULL,
  PRIMARY KEY (`Tag_id`,`Socio_id`),
  KEY `IX_Tag_id` (`Tag_id`) USING HASH,
  KEY `IX_Socio_id` (`Socio_id`) USING HASH,
  CONSTRAINT `FK_TagSocios_Socio_Socio_id` FOREIGN KEY (`Socio_id`) REFERENCES `socio` (`id`) ON DELETE CASCADE ON UPDATE CASCADE,
  CONSTRAINT `FK_TagSocios_Tags_Tag_id` FOREIGN KEY (`Tag_id`) REFERENCES `tags` (`id`) ON DELETE CASCADE ON UPDATE CASCADE
) ENGINE=InnoDB DEFAULT CHARSET=utf8;
/*!40101 SET character_set_client = @saved_cs_client */;

--
-- Dumping data for table `tagsocios`
--

LOCK TABLES `tagsocios` WRITE;
/*!40000 ALTER TABLE `tagsocios` DISABLE KEYS */;
INSERT INTO `tagsocios` VALUES (1,3),(2,3);
/*!40000 ALTER TABLE `tagsocios` ENABLE KEYS */;
UNLOCK TABLES;

--
-- Table structure for table `tipodocumento`
--

DROP TABLE IF EXISTS `tipodocumento`;
/*!40101 SET @saved_cs_client     = @@character_set_client */;
/*!40101 SET character_set_client = utf8 */;
CREATE TABLE `tipodocumento` (
  `id` int(11) NOT NULL AUTO_INCREMENT,
  `nombre` longtext,
  PRIMARY KEY (`id`)
) ENGINE=InnoDB AUTO_INCREMENT=3 DEFAULT CHARSET=utf8;
/*!40101 SET character_set_client = @saved_cs_client */;

--
-- Dumping data for table `tipodocumento`
--

LOCK TABLES `tipodocumento` WRITE;
/*!40000 ALTER TABLE `tipodocumento` DISABLE KEYS */;
INSERT INTO `tipodocumento` VALUES (1,'DNI'),(2,'Pasaporte');
/*!40000 ALTER TABLE `tipodocumento` ENABLE KEYS */;
UNLOCK TABLES;

--
-- Table structure for table `tipoevento`
--

DROP TABLE IF EXISTS `tipoevento`;
/*!40101 SET @saved_cs_client     = @@character_set_client */;
/*!40101 SET character_set_client = utf8 */;
CREATE TABLE `tipoevento` (
  `id` int(11) NOT NULL AUTO_INCREMENT,
  `descripcion` longtext,
  `nombre` longtext,
  PRIMARY KEY (`id`)
) ENGINE=InnoDB AUTO_INCREMENT=6 DEFAULT CHARSET=utf8;
/*!40101 SET character_set_client = @saved_cs_client */;

--
-- Dumping data for table `tipoevento`
--

LOCK TABLES `tipoevento` WRITE;
/*!40000 ALTER TABLE `tipoevento` DISABLE KEYS */;
INSERT INTO `tipoevento` VALUES (1,'---','Curso'),(2,'---','Taller'),(3,'---','Conferencia'),(4,'---','Campaña social'),(5,'---','Festival');
/*!40000 ALTER TABLE `tipoevento` ENABLE KEYS */;
UNLOCK TABLES;

--
-- Table structure for table `usuario`
--

DROP TABLE IF EXISTS `usuario`;
/*!40101 SET @saved_cs_client     = @@character_set_client */;
/*!40101 SET character_set_client = utf8 */;
CREATE TABLE `usuario` (
  `id` int(11) NOT NULL AUTO_INCREMENT,
  `nombre` longtext,
  `usuario` longtext,
  `clave` longtext,
  `imagen` longtext,
  `rol` longtext,
  `email` longtext,
  `fechaCreacion` datetime NOT NULL,
  `fechaBaja` datetime NOT NULL,
  `fechaUltimoAcceso` datetime NOT NULL,
  `fechaModificacion` datetime NOT NULL,
  `idFacebook` longtext,
  `idGoogle` longtext,
  `token` longtext,
  PRIMARY KEY (`id`)
) ENGINE=InnoDB AUTO_INCREMENT=4 DEFAULT CHARSET=utf8;
/*!40101 SET character_set_client = @saved_cs_client */;

--
-- Dumping data for table `usuario`
--

LOCK TABLES `usuario` WRITE;
/*!40000 ALTER TABLE `usuario` DISABLE KEYS */;
INSERT INTO `usuario` VALUES (1,'Administrador','admin','123456','assets/img/profile/users/augusto.png','Administrador','admin@admin.com','0001-01-01 00:00:00','0001-01-01 00:00:00','2017-11-11 04:49:41','0001-01-01 00:00:00',NULL,NULL,'ca4a10403f434585b16f39d0f712f2e4'),(2,'Socio','socio','123456','assets/img/profile/users/augusto.png','Socio','socio@socio.com','0001-01-01 00:00:00','0001-01-01 00:00:00','2017-11-06 10:38:32','0001-01-01 00:00:00',NULL,NULL,'10f8134f4e014d0b9f3f4f1ed5db8055'),(3,'Profe','encargado','123456','assets/img/profile/users/augusto.png','Encargado','encargado@encargado.com','0001-01-01 00:00:00','0001-01-01 00:00:00','2017-11-06 17:29:15','0001-01-01 00:00:00',NULL,NULL,'af4e360ae7a947d8a89405454a0acf07');
/*!40000 ALTER TABLE `usuario` ENABLE KEYS */;
UNLOCK TABLES;

--
-- Dumping routines for database 'db_a0fb0f_renacer'
--
/*!40103 SET TIME_ZONE=@OLD_TIME_ZONE */;

/*!40101 SET SQL_MODE=@OLD_SQL_MODE */;
/*!40014 SET FOREIGN_KEY_CHECKS=@OLD_FOREIGN_KEY_CHECKS */;
/*!40014 SET UNIQUE_CHECKS=@OLD_UNIQUE_CHECKS */;
/*!40101 SET CHARACTER_SET_CLIENT=@OLD_CHARACTER_SET_CLIENT */;
/*!40101 SET CHARACTER_SET_RESULTS=@OLD_CHARACTER_SET_RESULTS */;
/*!40101 SET COLLATION_CONNECTION=@OLD_COLLATION_CONNECTION */;
/*!40111 SET SQL_NOTES=@OLD_SQL_NOTES */;

-- Dump completed on 2017-11-11  6:37:40
